,0,1,2,3,4,5,6,7,8,9,10,11,12,13,14,15,16,17,18,19,20,21,22,23,24,25,26,27,28,29,30,31,32,33,34,35,36,37,38,39,40,41,42,43,44,45,46,47,48,49,50,51,52,53,54,55,56,57,58,59,60,61,62,63,64,65,66,67,68,69,70,71,72,73,74,75,76,77,78,79,80,81,82,83,84,85,86,87,88,89,90,91,92,93
0,0.07891342844708302,0.026465173189730934,0.0,0.0,0.0,0.0,0.0,0.0,0.0,0.0,0.0,0.0,0.0,0.03253882750314931,0.0,0.03192151220382291,0.0,0.025979721055439695,0.0,0.0,0.0,0.0,0.03253882750314931,0.07320360127803871,0.0,0.0,0.0,0.039730879134642544,0.0,0.0,0.0,0.0,0.0,0.0405784179053461,0.03382115983077977,0.0,0.0,0.03448786599116615,0.0,0.08291140175739158,0.0,0.0,0.0,0.030156073067610048,0.03382115983077977,0.0,0.0,0.0,0.09274691622380642,0.0,0.0,0.0,0.0,0.0,0.0,0.0,0.09274691622380642,0.0,0.0,0.0,0.13912037433570965,0.0,0.0,0.0,0.0,0.0,0.0,0.0,0.0,0.0,0.0,0.0,0.053930479719801014,0.0,0.0,0.0,0.0,0.04637345811190321,0.0,0.0,0.0,0.0,0.0,0.0,0.0,0.0,0.0,0.0,0.13912037433570965,0.04864775251018902,0.0,0.0,0.0,0.0
1,0.0,0.0,0.0,0.0,0.0,0.0,0.0,0.0,0.0,0.0,0.0,0.0,0.0,0.0,0.0,0.0,0.0,0.0,0.0,0.0,0.0,0.0,0.0,0.0,0.0,0.0,0.0,0.0,0.0,0.0,0.0,0.0,0.0,0.0,0.0,0.0,0.0,0.0,0.0,0.0,0.0,0.0,0.0,0.0,0.0,0.0,0.0,0.0,0.0,0.0,0.0,1.6945940261803814,0.0,0.0,0.0,0.0,0.0,0.0,0.0,0.0,0.0,0.0,0.0,0.0,0.0,0.0,0.0,0.0,0.0,0.0,0.0,0.0,0.0,0.0,0.0,0.0,0.0,0.0,0.0,0.0,0.0,0.0,0.0,0.0,0.0,0.0,0.0,0.0,0.0,0.0,0.0,0.0,0.0,0.0
2,0.059782899115867254,0.0,0.0,0.0,0.11832300668211787,0.0,0.0,0.0,0.0,0.0,0.0,0.06270520961042284,0.0,0.059161503341058935,0.0,0.0580391119106962,0.0,0.04723585549824788,0.0,0.0,0.0,0.0,0.0,0.06654872707335671,0.05694376870689088,0.0,0.0,0.0,0.0,0.0,0.0,0.0,0.0,0.0,0.06149301661633336,0.0,0.0,0.0,0.0,0.0,0.0,0.0,0.0,0.0,0.0,0.0,0.0,0.0,0.0,0.0,0.0,0.0,0.07874254409157773,0.0,0.08633591123111405,0.0,0.0,0.0,0.0,0.0,0.0,0.0,0.0954573060647848,0.0,0.0,0.0,0.27200457580316634,0.0843153766606459,0.0,0.0,0.0,0.0,0.0,0.09805541566668657,0.0,0.0,0.0,0.0,0.0,0.0,0.0,0.0,0.0,0.0,0.0,0.0,0.0,0.0,0.0,0.0,0.0,0.0,0.0,0.0
3,0.06576117557630505,0.0,0.0,0.0,0.0,0.0,0.0,0.0,0.0,0.0,0.20788732388293513,0.0,0.0,0.0,0.0,0.0,0.0,0.0,0.0,0.0,0.0,0.0,0.0,0.0,0.0,0.0,0.0,0.0,0.0,0.0,0.0,0.0,0.0,0.0,0.0,0.0,0.0,0.0,0.0,0.0,0.0,0.0,0.0,0.30156066282495303,0.0,0.0,0.0,0.0,0.0,0.0,0.0,0.0,0.0,0.0,0.0,0.0,0.0,0.0,0.0,0.0,0.0,0.0,0.0,0.0,0.0,0.0,0.0,0.0,0.0,0.0,0.0,0.0,0.0,0.0,0.0,0.0,0.0,0.46373447677877744,0.0,0.0,0.0,0.0,0.0,0.0,0.0,0.0,0.0,0.0,0.0,0.0,0.0,0.0,0.0,0.0
4,0.13152231827203875,0.0,0.0,0.0,0.0,0.0,0.0,0.0,0.0,0.0,0.0,0.0,0.0,0.0,0.0,0.0,0.0,0.0,0.0,0.0,0.0,0.0,0.0,0.0,0.0,0.0,0.0,0.0,0.0,0.0,0.0,0.0,0.0,0.0,0.0,0.0,0.0,0.0,0.0,0.0,0.0,0.0,0.0,0.0,0.0,0.0,0.0,0.0,0.0,0.0,0.0,0.0,0.0,0.0,0.0,0.0,0.0,0.0,0.0,0.0,0.0,0.0,0.0,0.0,0.0,0.0,0.0,0.0,0.0,0.0,0.0,0.0,1.0786090820567191,0.0,0.0,0.0,0.0,0.0,0.0,0.0,0.0,0.0,0.0,0.0,0.0,0.0,0.0,0.0,0.0,0.0,0.0,0.0,0.0,0.0
5,0.03137231149991591,0.13596786441095307,0.2157224986780943,0.2512714529985951,0.01194085431856831,0.154132903458052,0.0,0.0,0.047569491563222384,0.01026817950094189,0.0076288944567905505,0.06328048905864285,0.0,0.01194085431856831,0.0,0.0,0.0,0.0095338427400318,0.0,0.0,0.0,0.11639129521673616,0.01194085431856831,0.0,0.01149323813763422,0.0,0.014279315302883256,0.014580139362719648,0.0,0.0,0.0,0.0,0.0,0.0,0.0,0.0,0.027411468102871962,0.0,0.0,0.0,0.0,0.0,0.0,0.0,0.0,0.015213101480646156,0.0,0.0,0.0,0.03178598225439015,0.014279315302883256,0.0,0.0,0.0,0.0,0.0,0.017017783062677098,0.013705734051435981,0.12563572649929755,0.0,0.017017783062677098,0.0,0.0,0.0,0.0,0.0,0.0,0.0,0.01877058338386892,0.0,0.0,0.0,0.0,0.0,0.0,0.0,0.0,0.0,0.03754116676773784,0.0,0.0,0.015213101480646156,0.016252814180346065,0.16649322047127837,0.0,0.0,0.0,0.0,0.017017783062677098,0.0,0.027931398254972706,0.0,0.0,0.0
6,0.0751556372824506,0.0,0.0,0.0,0.0,0.0,0.0,0.0,0.0,0.0,0.0,0.0,0.0,0.0,0.0,0.0,0.0,0.0,0.0,0.0,0.0,0.0,0.1859361352469521,0.0,0.0,0.0,0.0,0.0,0.0,0.0,0.0,0.0,0.0,0.0,0.0,0.0,0.0,0.0,0.0,0.0,0.0,0.0,0.0,0.0,0.0,0.0,0.0,0.0,0.0,0.24747654304010158,0.0,0.24208506838419125,0.0,0.0,0.0,0.0,0.0,0.0,0.0,0.0,0.0,0.0,0.0,0.25891121393136807,0.0,0.0,0.0,0.0,0.0,0.0,0.0,0.0,0.0,0.0,0.3260545799459923,0.0,0.0,0.0,0.0,0.0,0.0,0.0,0.0,0.0,0.0,0.0,0.0,0.0,0.0,0.0,0.0,0.0,0.0,0.0
7,0.0,0.12703282940521607,0.0,0.0,0.0,0.0,0.0,0.0,0.0,0.0,0.0,0.0,0.0,0.05206212322410707,0.0,0.051074418760000385,0.0,0.0,0.0,0.0,0.0,0.0,0.05206212322410707,0.11712576028797558,0.0,0.0,0.0,0.0,0.0,0.0,0.0,0.20740297682231018,0.0,0.0,0.0,0.0,0.0,0.0,0.0,0.0,0.0,0.0,0.0,0.04824971618443035,0.0,0.0,0.0,0.0,0.0,0.0,0.18677343840429328,0.0,0.0692934391785526,0.0,0.0,0.06492546767467178,0.0,0.059756998622210296,0.0,0.0,0.0,0.0,0.0,0.0,0.0,0.0,0.07978800933746943,0.0,0.0,0.16367948206180438,0.0,0.0,0.0,0.0,0.0,0.0,0.0,0.0,0.16367948206180438,0.0,0.0,0.0,0.0,0.0,0.07597560229779272,0.07086226764193071,0.0,0.0,0.0,0.07783640284875641,0.0,0.0,0.0,0.0
8,0.0,0.0,0.0,0.0,0.0,0.0,0.0,0.0,0.0,0.0,0.0,0.0,0.0,0.0,0.0,0.0,0.0,0.0,0.0,0.0,0.0,0.0,0.0,0.0,0.0,0.0,0.0,0.0,0.0,0.0,0.0,0.0,0.0,0.0,0.0,0.0,0.0,0.0,0.0,0.0,0.0,0.0,0.0,0.0,0.0,0.0,0.0,0.0,0.0,0.0,0.0,0.0,0.0,0.0,0.0,0.0,0.0,0.0,0.0,0.0,0.0,0.0,0.0,0.0,0.0,0.0,0.0,0.0,0.0,0.0,0.0,0.0,0.0,0.0,0.0,0.0,0.0,0.0,0.0,0.0,0.0,0.0,0.0,0.0,0.0,0.0,0.0,0.0,0.0,0.0,0.0,0.0,0.0,0.0
9,0.07256407144714119,0.0,0.0,0.0,0.0,0.0,0.0,0.0,0.0,0.03859419094057429,0.0,0.0,0.0,0.0,0.0,0.0,0.0,0.07166819533539388,0.09513893976310635,0.0,0.0,0.062495817032240476,0.04488114095805721,0.15145572534593102,0.04319872156195333,0.0,0.0,0.0,0.0,0.0,0.0,0.0,0.0,0.055970231062828654,0.0932997503725845,0.0,0.0,0.0,0.0,0.0,0.0,0.0,0.0,0.0,0.04664987518629225,0.0,0.0,0.0,0.0,0.0,0.0,0.0,0.0,0.06396338989262747,0.0,0.0,0.12792677978525493,0.05151465426888282,0.07870283817150649,0.0,0.0,0.0,0.0,0.0,0.0,0.0,0.0,0.0,0.0,0.0,0.0,0.0,0.0,0.0,0.0,0.0,0.0,0.06396338989262747,0.0,0.0,0.0,0.0,0.0,0.0,0.0,0.0,0.0,0.0,0.0,0.0,0.0,0.0,0.0,0.0
10,0.016970629650392317,0.0,0.0,0.0,0.0,0.0,0.0,0.0,0.0,0.03610424321827748,0.05364835332870243,0.0,0.0,0.041985583570297295,0.0,0.0,0.0,0.0,0.0,0.0,0.08397116714059459,0.0,0.0,0.0,0.040411707357537435,0.0,0.0,0.0,0.0,0.0,0.0,0.0,0.0,0.1570777455902916,0.0,0.0,0.04819112829422992,0.0445004719236787,0.0,0.05349122655200986,0.0,0.0,0.0,0.03891106174030365,0.04364020591652079,0.0,0.0,0.0,0.0,0.0,0.0,0.10932875265226005,0.0,0.0,0.0,0.0,0.0,0.04819112829422992,0.0,0.0,0.0,0.06127064748870234,0.1354877910412049,0.0,0.0,0.0,0.0,0.0,0.06599979166491948,0.0,0.054664376326130026,0.0,0.0,0.0,0.0,0.0,0.0,0.059836719710092474,0.0,0.0,0.0,0.05349122655200986,0.05714699047624338,0.1672604664742021,0.0,0.0,0.05846382896667618,0.0,0.0,0.0,0.0,0.0,0.0,0.0
11,0.0751556372824506,0.0,0.0,0.0,0.0,0.0,0.0,0.0,0.0,0.0,0.11879276923232787,0.0,0.0,0.0,0.0,0.0,0.0,0.0,0.0,0.0,0.0,0.0,0.0,0.0,0.0,0.0,0.0,0.0,0.0,0.0,0.0,0.0,0.0,0.0,0.0,0.0,0.21341783027063224,0.0,0.0,0.0,0.0,0.0,0.0,0.0,0.0,0.0,0.316834792529166,0.0,0.0,0.0,0.0,0.0,0.0,0.0,0.0,0.0,0.0,0.0,0.0,0.0,0.0,0.0,0.0,0.0,0.0,0.0,0.0,0.0,0.0,0.0,0.0,0.0,0.0,0.0,0.0,0.0,0.0,0.0,0.0,0.0,0.0,0.23688969138769156,0.2530795012615763,0.0,0.0,0.0,0.0,0.0,0.0,0.0,0.0,0.0,0.0,0.0
12,0.030235030464700312,0.03650368765125913,0.0,0.0,0.08976228397961514,0.024138629939585533,0.0,0.0,0.0,0.0,0.028674120477966355,0.0,0.0,0.0,0.0,0.07338278766654431,0.12357919369608698,0.0,0.03171298065006946,0.0,0.05984152265307675,0.10415969744820984,0.014960380663269187,0.016828414314185754,0.014399574185009124,0.0,0.0,0.0,0.20831939489641968,0.0,0.0,0.0,0.0,0.0,0.015549958752901055,0.0,0.0,0.01585649032503473,0.019478111509152823,0.0,0.0,0.0,0.0,0.013864861367765673,0.0,0.0,0.0,0.0,0.0,0.0,0.03578035320467617,0.0,0.0,0.02132113045435007,0.021832070248141953,0.018656744116500205,0.02132113045435007,0.017171551817709244,0.026234279993589037,0.06421167763992364,0.02132113045435007,0.021832070248141953,0.048277259879171065,0.020831939489641967,0.0,0.0,0.0,0.0,0.0,0.0,0.019478111509152823,0.07438686958368611,0.0,0.0,0.0,0.02879914837001825,0.0,0.02132113045435007,0.023517167633277335,0.024138629939585533,0.0,0.019060092615441837,0.020362721167216255,0.0,0.021832070248141953,0.0,0.020831939489641967,0.0,0.0,0.0,0.0,0.0,0.0,0.0
13,0.0,0.35286886706184784,0.0,0.0,0.0,0.0,0.0,0.0,0.0,0.0,0.0,0.0,0.0,0.0,0.0,0.0,0.0,0.0,0.0,0.0,0.0,0.0,0.0,0.0,0.0,0.0,0.0,0.0,0.0,0.0,0.0,0.0,0.0,0.0,0.0,0.0,0.0,0.0,0.0,1.1054850159073497,0.0,0.0,0.0,0.0,0.0,0.0,0.0,0.0,0.0,0.0,0.0,0.0,0.0,0.0,0.0,0.0,0.0,0.0,0.0,0.0,0.0,0.0,0.0,0.0,0.0,0.0,0.0,0.0,0.0,0.0,0.0,0.0,0.0,0.0,0.0,0.0,0.0,0.0,0.0,0.0,0.0,0.0,0.0,0.0,0.0,0.0,0.0,0.0,0.0,0.0,0.0,0.0,0.0,0.0
14,0.019728357111770754,0.0,0.0,0.0,0.03253882750314931,0.0,0.0,0.0,0.0,0.0,0.020788737065758185,0.0,0.0,0.06507765500629863,0.0,0.09576453661146873,0.0,0.025979721055439695,0.2069271959469969,0.0,0.03253882750314931,0.0,0.0,0.07320360127803871,0.0,0.0,0.0,0.11919263740392765,0.0,0.0,0.0,0.0,0.0,0.0,0.03382115983077977,0.0,0.0,0.0,0.0,0.08291140175739158,0.0,0.049867506583930965,0.0,0.0,0.03382115983077977,0.0,0.0,0.0570595582154242,0.0,0.0,0.0,0.0,0.0,0.18549383244761283,0.0,0.0,0.0,0.0,0.0,0.0,0.04637345811190321,0.0,0.052501519409526305,0.0,0.0,0.0,0.0,0.0,0.0,0.0,0.0,0.0,0.0,0.053930479719801014,0.0,0.0,0.0,0.0,0.0,0.0,0.04864775251018902,0.04145570087869579,0.04428891794054044,0.0,0.0,0.0,0.0,0.0,0.04637345811190321,0.0,0.0,0.0,0.0,0.0
15,0.004219969518605443,0.0,0.0,0.0,0.006960177142805469,0.0,0.4539674469098104,0.0,0.0,0.0,0.004446788764557624,0.02950833511780595,0.0,0.027840708571221878,0.0,0.0,0.186855707124841,0.01667147907978849,0.014754167558902975,0.0,0.0,0.009691864955823132,0.013920354285610939,0.0,0.0,0.0,0.033292949175836424,0.008498583939133674,0.0290755948674694,0.05615135876075668,0.0,0.12477452246550144,0.09764202667256783,0.0,0.0072344728332506825,0.05029679667570649,0.007988903835953754,0.014754167558902975,0.009062009153542236,0.0,0.08039120610456263,0.0,0.0,0.006450497039625551,0.0072344728332506825,0.008867529773989318,0.0,0.048821013336283914,0.0,0.009263829088200134,0.016646474587918212,0.0,0.0,0.0,0.0,0.05207925395013005,0.0,0.007988903835953754,0.0,0.2539279995005069,0.02975836942668658,0.04062866573825142,0.0,0.009691864955823132,0.0,0.0,0.0,0.0,0.010941142228187987,0.0,0.009062009153542236,0.0,0.023071863435150677,0.03460779515272602,0.0,0.0,0.01186012755443223,0.009919456475562192,0.0,0.011230271752151334,0.0,0.008867529773989318,0.0,0.0,0.0,0.009473565521053315,0.009691864955823132,0.2698285288202958,0.0,0.04162374628127009,0.0,0.0,0.0,0.0
16,0.0,0.0,0.0,0.0,0.0,0.0,0.0,0.0,0.0,0.0,0.0,0.0,0.0,0.0,0.0,1.2768592432151853,0.0,0.0,0.0,0.0,0.0,0.0,0.0,0.0,0.0,0.0,0.0,0.0,0.0,0.0,0.0,0.0,0.0,0.0,0.0,0.0,0.0,0.0,0.0,0.0,0.0,0.0,0.0,0.0,0.0,0.0,0.0,0.0,0.0,0.0,0.0,0.0,0.0,0.0,0.0,0.0,0.0,0.0,0.0,0.0,0.0,0.0,0.0,0.0,0.0,0.0,0.0,0.0,0.0,0.0,0.0,0.0,0.0,0.0,0.0,0.0,0.0,0.0,0.0,0.0,0.0,0.0,0.0,0.0,0.0,0.0,0.0,0.0,0.0,0.0,0.0,0.0,0.0,0.0
17,0.026304474176192163,0.0,0.0,0.0,0.0,0.0,0.0,0.0,0.0,0.0,0.08315494202641224,0.0,0.0,0.13015530025094998,0.0,0.0,0.0,0.0,0.0,0.0,0.0,0.0,0.26031060050189997,0.14640719157553836,0.0,0.0,0.15564452266490678,0.0,0.0,0.0,0.0,0.0,0.0,0.0,0.13528462917677214,0.0,0.0,0.0,0.0,0.0,0.0,0.0,0.0,0.12062428322361919,0.0,0.0,0.0,0.0,0.0,0.0,0.0,0.0,0.0,0.0,0.0,0.0,0.0,0.0,0.0,0.0,0.0,0.0,0.0,0.0,0.0,0.0,0.0,0.1854938185355768,0.0,0.0,0.0,0.0,0.0,0.0,0.0,0.0,0.0,0.0,0.0,0.0,0.0,0.0,0.0,0.0,0.0,0.0,0.0,0.0,0.0,0.0,0.0,0.0,0.0,0.0
18,0.04332502011299436,0.09963359450354929,0.22130590395296373,0.2148124573011736,0.07656194807955355,0.14823958617712754,0.0,0.0,0.0,0.013167430149451943,0.0,0.0,0.0,0.0,0.0,0.0,0.0,0.036677253740172625,0.0,0.0,0.0,0.0,0.0,0.0,0.014738387691258592,0.0,0.0,0.018696884546114078,0.0,0.0,0.0,0.0,0.0,0.0,0.0,0.027663237994120467,0.0,0.032459168421292414,0.0,0.0390171307551757,0.0,0.0,0.0,0.014191093396110372,0.01591584013101777,0.0,0.0,0.0,0.0,0.0,0.01831112192920551,0.0,0.02038042386325683,0.06546841231859232,0.06703729803792897,0.019095726325841597,0.0,0.0,0.13425778581323347,0.0,0.0,0.0,0.049413195392375854,0.021322102765984566,0.0,0.0,0.0,0.02182280410619744,0.0,0.0,0.019936420009858676,0.0,0.02537904961580554,0.0,0.0,0.0,0.0,0.0,0.02407051274755039,0.0,0.0,0.0,0.0,0.0,0.022345766012642994,0.0,0.0,0.0,0.02182280410619744,0.0,0.0,0.0,0.0,0.0
19,0.08768157961306752,0.0,0.0,0.0,0.0,0.0,0.0,0.0,0.0,0.0,0.0,0.15327939120612455,0.0,0.0,0.0,0.0,0.0,0.0,0.0,0.0,0.0,0.0,0.0,0.0,0.0,0.0,0.5188150697850779,0.0,0.0,0.0,0.0,0.0,0.0,0.0,0.0,0.0,0.0,0.0,0.0,0.0,0.0,0.0,0.0,0.0,0.0,0.0,0.0,0.0,0.0,0.0,0.0,0.0,0.0,0.0,0.0,0.0,0.0,0.0,0.0,0.0,0.0,0.0,0.0,0.0,0.0,0.0,0.0,0.0,0.22733259780885537,0.0,0.0,0.0,0.0,0.0,0.0,0.0,0.0,0.0,0.0,0.0,0.0,0.0,0.19683961834121305,0.0,0.0,0.0,0.0,0.0,0.0,0.0,0.0,0.0,0.0,0.0
20,0.0,0.0,0.0,0.0,0.0,0.0,0.0,0.0,0.0,0.12435905016797726,0.0,0.15327939120612455,0.0,0.0,0.0,0.1418733753556726,0.0,0.0,0.0,0.0,0.14461699867197794,0.0,0.0,0.32534931099731546,0.0,0.0,0.0,0.0,0.0,0.0,0.0,0.0,0.0,0.0,0.0,0.0,0.0,0.0,0.18828839249844612,0.0,0.0,0.0,0.0,0.0,0.0,0.0,0.0,0.0,0.0,0.0,0.0,0.0,0.38496352361677616,0.0,0.0,0.0,0.0,0.0,0.0,0.0,0.0,0.0,0.0,0.0,0.0,0.0,0.0,0.0,0.0,0.0,0.0,0.0,0.0,0.0,0.0,0.0,0.0,0.0,0.0,0.0,0.0,0.0,0.0,0.0,0.0,0.0,0.0,0.0,0.0,0.0,0.0,0.0,0.0,0.0
21,0.011956579823173451,0.0,0.0,0.0,0.0,0.0,0.0,0.0,0.0,0.0,0.0,0.0,0.0,0.0,0.0,0.0,0.48869952211087453,0.0,0.0,0.0,0.0,0.0,0.0,0.0,0.0,0.0,0.0,0.0,0.16476169764090381,0.0,0.0,0.0,0.41497859671488674,0.0,0.0,0.21376137729843536,0.0,0.0,0.07702707471578785,0.0,0.0,0.0,0.0,0.0548292226377842,0.0,0.0,0.0,0.0,0.0,0.0,0.07074751416118527,0.0,0.0,0.0,0.0,0.0,0.0,0.0,0.0,0.0,0.0,0.0,0.0,0.0,0.0,0.0,0.0,0.0,0.0929997052096632,0.0,0.0,0.0,0.0,0.19611083133337315,0.0,0.0,0.0,0.0,0.0,0.0,0.0,0.0,0.0,0.0,0.08633591123111405,0.0,0.0,0.0,0.0,0.0,0.27677475448509503,0.0,0.0,0.0
22,0.0,0.0,0.0,0.0,0.0,0.0,0.0,0.0,0.0,0.0,0.0,0.0,0.0,0.0,0.0,0.0,0.0,0.0,0.0,0.0,0.0,0.0,0.0,0.0,0.0,0.0,0.0,0.0,0.0,0.0,0.0,0.0,0.0,0.0,0.0,0.0,0.0,0.0,0.0,0.0,0.0,0.0,0.0,0.0,0.0,0.0,0.0,0.0,0.0,0.0,0.0,0.0,0.0,0.0,0.0,0.0,0.0,0.0,0.0,0.0,0.0,0.0,0.0,0.0,0.0,0.0,0.0,0.0,0.0,0.0,0.0,0.0,0.0,0.0,0.0,0.0,0.0,0.0,0.0,0.0,0.0,0.0,0.0,0.0,0.0,0.0,0.0,0.0,0.0,0.0,0.0,0.0,0.0,0.0
23,0.08768156012827855,0.0,0.0,0.0,0.0,0.0,0.0,0.0,0.0,0.0,0.0,0.0,1.1269978491155956,0.0,0.0,0.0,0.0,0.0,0.0,0.0,0.0,0.0,0.0,0.0,0.0,0.0,0.0,0.0,0.0,0.0,0.0,0.0,0.0,0.0,0.0,0.0,0.0,0.0,0.0,0.0,0.0,0.0,0.0,0.0,0.0,0.0,0.0,0.0,0.0,0.0,0.0,0.0,0.0,0.0,0.0,0.0,0.0,0.0,0.0,0.0,0.6183125841790008,0.0,0.0,0.0,0.0,0.0,0.0,0.0,0.0,0.0,0.0,0.0,0.0,0.0,0.0,0.0,0.0,0.0,0.0,0.0,0.0,0.0,0.0,0.0,0.0,0.0,0.0,0.0,0.0,0.0,0.0,0.0,0.0,0.0
24,0.03288059463827469,0.04410862124774122,0.0,0.0,0.10846275653611846,0.0,0.0,0.0,0.0,0.0,0.06929578906426415,0.0,0.0,0.0,0.0,0.10640503890599241,0.0,0.0,0.0,0.0,0.0,0.0,0.0,0.0,0.0,0.0,0.0,0.0,0.0,0.0,0.0,0.0,0.0,0.0,0.056368598778489654,0.0,0.0622468734610576,0.0,0.14121630418052125,0.0,0.0,0.08311250958800981,0.0,0.0,0.056368598778489654,0.0,0.18482031434406646,0.0,0.0,0.0,0.06485188822673758,0.0,0.0,0.0,0.079141252261632,0.0,0.0,0.0622468734610576,0.095099262107386,0.0,0.0,0.0,0.0,0.0,0.0,0.0,0.0,0.0,0.0,0.0,0.0,0.0,0.0,0.0,0.0,0.0,0.0,0.0,0.0,0.0,0.0,0.0690928336462791,0.07381486200398639,0.0,0.0,0.0,0.0,0.0,0.0,0.0,0.0,0.0,0.0,0.0
25,0.02768892149704579,0.0,0.0,0.0,0.0,0.0,0.0,0.0,0.0,0.0,0.043765761034384384,0.21781809497818105,0.0,0.06850279285063196,0.0,0.0,0.0,0.05469414807911373,0.0,0.0,0.0,0.09538835058118106,0.0,0.0,0.0,0.0,0.0,0.08364395376171722,0.0,0.0,0.0,0.0,0.0,0.0,0.07120243978157426,0.0,0.07862762877287512,0.0,0.0,0.0,0.0,0.0,0.0,0.06348646786178985,0.0,0.0,0.0,0.0,0.0,0.0,0.08191817370396928,0.0,0.09117557671482514,0.0,0.0,0.085428245861264,0.0,0.0,0.0,0.0,0.0,0.0,0.0,0.09538835058118106,0.0,0.0,0.0,0.0,0.0,0.0,0.0,0.0,0.0,0.0,0.0,0.0,0.11672861830580719,0.0,0.0,0.0,0.0,0.08727515733307237,0.0,0.0,0.0,0.0,0.0,0.0,0.0,0.0,0.0,0.0,0.0,0.0
26,0.02466044623558566,0.03308146628040451,0.0,0.0,0.0,0.06562689885173978,0.0,0.0,0.0,0.0,0.0,0.04310983221952124,0.0,0.08134706824945412,0.0,0.0,0.0,0.03247465111633306,0.04310983221952124,0.0,0.08134706824945412,0.0,0.04067353412472706,0.09150450102564528,0.07829768308415791,0.0,0.0,0.0,0.0,0.0,0.0,0.0,0.0,0.05072302206466375,0.04227644952424691,0.0,0.0,0.0,0.0,0.0,0.0,0.06233438284032383,0.07132444732350247,0.03769509109891825,0.04227644952424691,0.051819625774497086,0.0,0.0,0.0,0.0,0.0,0.052956114619321655,0.0,0.0,0.0,0.0,0.05796682227758639,0.0,0.0,0.0,0.0,0.05935593981451502,0.0,0.056636834368561144,0.0,0.0,0.0,0.0,0.0,0.0,0.052956114619321655,0.0,0.0,0.0,0.0,0.07829768308415791,0.0,0.0,0.0,0.0,0.06080969025767573,0.0,0.0,0.0,0.0,0.05536114707966839,0.0,0.0,0.0,0.0,0.0,0.0,0.0,0.0
27,0.09864177569467646,0.0,0.0,0.0,0.0,0.0,0.0,0.0,0.0,0.0,0.2078873498688474,0.0,0.0,0.0,0.0,0.0,0.0,0.0,0.0,0.0,0.0,0.0,0.0,0.0,0.0,0.0,0.0,0.0,0.0,0.0,0.0,0.0,0.0,0.0,0.0,0.0,0.0,0.0,0.0,0.20727848366563112,0.0,0.0,0.0,0.0,0.0,0.0,0.0,0.0,0.0,0.0,0.0,0.0,0.0,0.0,0.0,0.0,0.0,0.0,0.0,0.0,0.0,0.0,0.0,0.0,0.0,0.0,0.0,0.0,0.0,0.0,0.0,0.2696523716337686,0.0,0.0,0.2852977625473455,0.0,0.0,0.0,0.0,0.0,0.0,0.0,0.0,0.0,0.0,0.0,0.0,0.0,0.0,0.0,0.0,0.0,0.0,0.0
28,0.0,0.0,0.0,0.0,0.0,0.0,0.0,0.0,0.0,0.0,0.0,0.055180584758157084,0.0,0.0,0.0,0.0,0.537569477254159,0.0,0.0,0.0,0.0,0.0,0.0,0.0,0.0,0.0,0.06225781280143109,0.0,0.07249514735742574,0.08400242979520567,0.0,0.0,0.27388587532574815,0.0,0.0,0.2821650195730165,0.0,0.0,0.0,0.0,0.0,0.0,0.0,0.04824971618443035,0.0,0.0,0.0,0.18259058355049876,0.0,0.0,0.0,0.0,0.0,0.0,0.0,0.0,0.0,0.0,0.0,0.0,0.0,0.0,0.0,0.0,0.0,0.0,0.0,0.0,0.0,0.08183974103090219,0.0,0.0,0.0,0.08628876625735016,0.0,0.0,0.0,0.0,0.0,0.0,0.0,0.0,0.07086226764193071,0.0,0.07597560229779272,0.0,0.0,0.0,0.0,0.0,0.24356178527540243,0.0,0.0,0.15567280569751282
29,0.0,0.0,0.0,0.0,0.0,0.0,0.0,0.0,0.0,0.0,0.0,0.0,0.0,0.0,0.0,0.0,0.0,0.0,0.0,0.0,0.0,0.4530945758340537,0.0,0.0,0.0,0.0,0.0,0.0,0.0,0.0,0.0,0.0,0.0,0.0,0.0,0.0,0.0,0.0,0.0,0.0,0.0,0.0,0.5705954537702681,0.0,0.0,0.0,0.0,0.0,0.0,0.0,0.0,0.0,0.0,0.0,0.0,0.0,0.0,0.0,0.0,0.0,0.0,0.0,0.0,0.0,0.0,0.0,0.0,0.0,0.0,0.0,0.0,0.0,0.0,0.0,0.0,0.0,0.0,0.0,0.0,0.0,0.0,0.0,0.0,0.0,0.0,0.0,0.0,0.0,0.9274689535575549,0.0,0.0,0.0,0.0,0.0
30,0.09565263858538761,0.048118495724359764,0.0,0.0,0.0,0.0,0.0,0.0,0.11784259982444391,0.0,0.03779770298278915,0.0,0.0,0.0,0.0,0.0580391119106962,0.0,0.04723585549824788,0.06270520961042284,0.0,0.0,0.0,0.0,0.0,0.0,0.0,0.0,0.0,0.0,0.0,0.0,0.0,0.0,0.0,0.06149301661633336,0.0,0.0,0.0,0.0,0.0,0.0,0.0,0.0,0.0,0.0,0.07537400005588783,0.0,0.0,0.0,0.0,0.0,0.0,0.15748508818315546,0.0,0.08633591123111405,0.0,0.0,0.0,0.0,0.0,0.0,0.0,0.0,0.0,0.0,0.0,0.0,0.0,0.0,0.0,0.0,0.0,0.0,0.0,0.0,0.0,0.10081108016944884,0.0,0.0,0.0,0.08845045730022072,0.0,0.0,0.0,0.0,0.0,0.0,0.0,0.0843153766606459,0.0,0.0,0.0,0.0,0.0
31,0.0,0.0,0.0,0.0,0.0,0.0,0.0,0.0,0.0,0.0,0.0,0.0,0.0,0.0,0.0,0.0,0.0,0.0,0.0,0.0,0.0,0.0,0.43385089960463347,0.0,0.0,0.0,0.0,0.0,0.0,0.0,1.1269978491155956,0.0,0.0,0.0,0.0,0.0,0.0,0.0,0.0,0.0,0.0,0.0,0.0,0.0,0.45094865870123063,0.0,0.0,0.0,0.0,0.0,0.0,0.0,0.0,0.0,0.0,0.0,0.0,0.0,0.0,0.0,0.0,0.0,0.0,0.0,0.0,0.0,0.0,0.0,0.0,0.0,0.0,0.0,0.0,0.0,0.0,0.0,0.0,0.0,0.0,0.0,0.0,0.0,0.0,0.0,0.0,0.0,0.0,0.0,0.0,0.0,0.0,0.0,0.0,0.0
32,0.06922230374261448,0.05571615254411884,0.0,0.0,0.0,0.0,0.0,0.0,0.0,0.0,0.0,0.0,0.0,0.0,0.0,0.13440636346013124,0.0,0.0,0.0,0.0,0.0,0.0,0.06850279285063196,0.0,0.0,0.0,0.08191817370396928,0.0,0.0,0.0,0.0,0.0,0.0,0.0,0.0,0.0,0.0,0.0,0.0,0.43637578666536186,0.0,0.0,0.12012538239742863,0.0,0.0,0.08727515733307237,0.0,0.0,0.0,0.09117557671482514,0.0,0.0,0.0,0.0,0.0,0.0,0.0,0.0,0.0,0.0,0.0,0.0,0.0,0.0,0.0,0.0,0.0,0.0,0.0,0.0,0.0,0.0,0.0,0.0,0.0,0.0,0.0,0.09762833016953981,0.0,0.0,0.0,0.0,0.0,0.0,0.0,0.0,0.0,0.0,0.0,0.0,0.0,0.0,0.0,0.0
33,0.04384079102433338,0.0,0.0,0.0,0.0,0.0,0.0,0.0,0.0,0.2798078706503888,0.0,0.0,0.0,0.0,0.0,0.0,0.0,0.0,0.0,0.0,0.2169255040336747,0.0,0.0,0.0,0.0,0.0,0.0,0.0,0.0,0.0,0.0,0.0,0.0,0.0,0.0,0.0,0.0,0.0,0.0,0.0,0.0,0.0,0.0,0.0,0.11273719285959649,0.0,0.0,0.0,0.0,0.0,0.1297037710491516,0.0,0.0,0.0,0.1582824979281602,0.0,0.0,0.0,0.0,0.0,0.0,0.0,0.0,0.0,0.0,0.0,0.0,0.0,0.0,0.0,0.0,0.0,0.0,0.0,0.0,0.0,0.18482030664322072,0.0,0.0,0.0,0.0,0.0,0.14762971785673482,0.0,0.0,0.0,0.0,0.0,0.0,0.0,0.0,0.0,0.0,0.0
34,0.008417432510785205,0.30487880032863984,0.20692102097501788,0.20084964833273716,0.041649699912076,0.11760340547659676,0.0,0.35825138629966524,0.02074029834592054,0.04476926267667971,0.0,0.011036117304787157,0.02704795717837343,0.010412424978019,0.0,0.04085953631550542,0.0,0.0,0.011036117304787157,0.0,0.0,0.0,0.020824849956038,0.011712576403599987,0.010022103667786116,0.0,0.0,0.0,0.0,0.0,0.0,0.0,0.0,0.0,0.010822771329836634,0.0,0.011951400106886848,0.011036117304787157,0.0,0.0,0.0,0.0,0.0,0.0,0.010822771329836634,0.0,0.035485501548739265,0.0,0.0,0.0,0.012451562958736218,0.0,0.0,0.0,0.015195120945802396,0.0,0.0,0.0,0.01825905893933974,0.0,0.0,0.0,0.0,0.0,0.0,0.0,0.01595760237813714,0.014839506848080638,0.08183974364977388,0.0,0.013556765657741133,0.0,0.0,0.0,0.0,0.0,0.035485501548739265,0.0,0.0,0.0,0.0,0.0,0.0,0.0,0.0,0.0,0.0,0.0,0.014839506848080638,0.0,0.0,0.0,0.0,0.0
35,0.04384079102433338,0.0,0.0,0.0,0.0,0.0,0.0,0.0,0.0,0.0,0.06929578617693986,0.11495954659791378,0.0,0.0,0.0,0.0,0.0,0.0,0.0,0.0,0.0,0.0,0.10846275201683735,0.0,0.0,0.0,0.0,0.0,0.0,0.0,0.0,0.0,0.0,0.0,0.0,0.0,0.0,0.0,0.0,0.0,0.0,0.0,0.0,0.0,0.11273719285959649,0.0,0.0,0.0,0.309156369378567,0.0,0.1297037710491516,0.0,0.0,0.0,0.0,0.0,0.0,0.0,0.0,0.0,0.0,0.0,0.0,0.0,0.0,0.0,0.0,0.0,0.0,0.0,0.0,0.0,0.0,0.0,0.0,0.0,0.0,0.0,0.3409989061854738,0.0,0.0,0.0,0.0,0.0,0.1582824979281602,0.0,0.0,0.0,0.0,0.0,0.0,0.0,0.0,0.0
36,0.1753631202565571,0.0,0.0,0.0,0.0,0.0,0.0,0.0,0.0,0.0,0.0,0.0,0.0,0.0,0.0,0.0,0.0,0.0,0.0,0.0,0.0,0.0,0.0,0.0,0.0,0.0,0.0,0.0,0.0,0.0,0.0,0.0,0.0,0.0,0.0,0.0,0.0,0.0,0.0,0.0,0.0,0.0,0.0,0.0,0.0,0.0,0.0,0.0,0.0,0.0,0.0,0.0,0.0,0.0,0.0,0.0,0.0,0.0,0.0,0.0,0.0,0.0,0.0,0.0,0.0,0.0,0.0,0.0,0.0,0.0,0.0,0.0,0.0,0.0,0.7607938749608838,0.0,0.0,0.0,0.0,0.0,0.0,0.0,0.0,0.0,0.0,0.0,0.0,0.0,0.0,0.0,0.0,0.0,0.0,0.0
37,0.0,0.0,0.0,0.0,0.0,0.0,0.0,0.0,0.0,0.0,0.0,0.0,0.0,0.0,0.0,0.0,0.0,0.0,0.0,0.0,0.0,0.0,0.0,0.0,0.0,0.0,0.0,0.0,0.0,0.0,0.0,0.0,0.0,0.0,0.0,0.0,0.0,0.0,0.0,1.6582264183771143,0.0,0.0,0.0,0.0,0.0,0.0,0.0,0.0,0.0,0.0,0.0,0.0,0.0,0.0,0.0,0.0,0.0,0.0,0.0,0.0,0.0,0.0,0.0,0.0,0.0,0.0,0.0,0.0,0.0,0.0,0.0,0.0,0.0,0.0,0.0,0.0,0.0,0.0,0.0,0.0,0.0,0.0,0.0,0.0,0.0,0.0,0.0,0.0,0.0,0.0,0.0,0.0,0.0,0.0
38,0.060702634115119475,0.0,0.0,0.0,0.10011946404194894,0.0,0.0,0.0,0.0,0.2582841899483343,0.0,0.0,0.0,0.0,0.0,0.0,0.0,0.0,0.0,0.0,0.0,0.0,0.0,0.0,0.0,0.0,0.0,0.12224885252828682,0.0,0.0,0.0,0.0,0.0,0.12485666399504602,0.0,0.0,0.0,0.0,0.0,0.0,0.0,0.0,0.0,0.0,0.0,0.0,0.0,0.0,0.0,0.0,0.0,0.0,0.0,0.0,0.0,0.0,0.0,0.11491730079961195,0.0,0.0,0.0,0.0,0.0,0.0,0.0,0.0,0.0,0.0,0.0,0.0,0.0,0.0,0.0,0.0,0.0,0.0,0.0,0.2853751120249278,0.0,0.0,0.0,0.0,0.0,0.0,0.0,0.0,0.0,0.0,0.1426875560124639,0.0,0.0,0.0,0.0,0.0
39,0.0,0.0,0.0,0.0,0.0,0.0,0.0,0.0,0.0,0.10174831582932087,0.15119080505884763,0.0,0.0,0.0,0.0,0.0,0.24434974994863098,0.0,0.0,0.0,0.0,0.0,0.0,0.0,0.0,0.0,0.0,0.0,0.0,0.0,0.0,0.0,0.0,0.0,0.0,0.0,0.13581135359099114,0.25082082704074515,0.0,0.0,0.0,0.0,0.0,0.0,0.0,0.0,0.0,0.0,0.0,0.15748508102474304,0.0,0.0,0.0,0.0,0.0,0.0,0.0,0.0,0.0,0.0,0.0,0.0,0.0,0.0,0.0,0.0,0.0,0.0,0.0,0.0,0.0,0.0,0.0,0.39222164483849054,0.0,0.0,0.0,0.0,0.0,0.0,0.0,0.15074799325959448,0.0,0.0,0.0,0.0,0.0,0.0,0.0,0.0,0.0,0.0,0.0,0.0
40,0.005978290047456949,0.0,0.0,0.0,0.0,0.0,0.0,0.0,0.0,0.0763112420750294,0.0,0.0,0.0,0.0,0.0,0.0,0.0,0.04723585657179003,0.0313526055177706,0.0,0.0,0.0,0.029580752342819268,0.0,0.0,0.0,0.0,0.0,0.0,0.0,0.0,0.7070556150161085,0.0,0.07377894181376324,0.0,0.0,0.0,0.0313526055177706,0.0,0.0,0.056943770001067415,0.0,0.0,0.027414611941951435,0.0,0.0,0.0,0.0,0.04215768928845221,0.0,0.03537375788454165,0.0,0.039371272940590486,0.0,0.043167956596646906,0.11066841272064486,0.0,0.0,0.0,0.19044599631548986,0.0,0.043167956596646906,0.0,0.0,0.0,0.0,0.0,0.04215768928845221,0.0,0.04649985366164641,0.0,0.0,0.14708312684282804,0.0,0.0,0.0,0.0,0.0,0.0,0.0,0.0,0.0,0.0,0.0,0.043167956596646906,0.0,0.04119042534637194,0.0,0.0,0.044225229655229174,0.0,0.0,0.0,0.0
41,0.0,0.0,0.0,0.0,0.0,0.0,0.0,0.0,0.0,0.0,0.0,0.0,0.0,0.0,0.0,0.0,0.0,0.0,0.0,0.0,0.0,0.0,0.0,0.0,0.0,0.0,0.0,0.0,0.0,0.0,0.0,0.0,0.0,0.0,0.0,0.0,0.0,0.0,0.0,0.0,0.0,0.0,0.0,0.0,0.0,0.0,0.0,0.0,0.0,0.0,0.0,0.0,0.0,0.0,0.0,0.0,0.0,0.0,0.0,0.0,0.0,0.0,0.0,0.0,0.0,0.0,0.0,0.0,0.0,0.0,0.0,0.0,0.0,0.0,0.0,0.0,0.0,0.0,0.0,0.0,0.0,0.0,0.0,0.0,0.0,0.0,0.0,0.0,0.0,0.0,0.0,0.0,0.0,0.0
42,0.1503112745649012,0.0,0.0,0.0,0.0,0.0,0.0,0.0,0.0,0.0,0.0,0.0,0.0,0.0,0.0,0.0,0.0,0.0,0.0,0.0,0.0,0.0,0.0,0.0,0.0,0.0,0.0,0.0,0.0,0.0,0.0,0.0,0.0,0.0,0.0,0.0,0.21341783027063224,0.0,0.0,0.0,0.0,0.0,0.0,0.0,0.0,0.0,0.0,0.0,0.0,0.0,0.0,0.0,0.0,0.0,0.0,0.0,0.0,0.0,0.0,0.0,0.0,0.0,0.0,0.0,0.0,0.0,0.0,0.0,0.0,0.0,0.0,0.0,0.0,0.0,0.0,0.0,0.0,0.26499115797977546,0.0,0.0,0.0,0.23688969138769156,0.0,0.0,0.0,0.0,0.0,0.0,0.0,0.0,0.0,0.0,0.0,0.0
43,0.033820041125393156,0.030245912540898694,0.0,0.03260546218672949,0.07437446366121052,0.0,0.0,0.0,0.0,0.015989022284026044,0.1187927845056837,0.039414704412204564,0.0,0.0,0.0,0.0,0.0,0.0,0.0,0.0,0.0,0.05178224944399046,0.01859361591530263,0.0,0.0,0.0,0.0,0.04540671949752061,0.02589112472199523,0.060001737110905805,0.0,0.0,0.0,0.0,0.0,0.0,0.10670892885503358,0.039414704412204564,0.0,0.047377944368987436,0.0,0.0,0.0,0.0,0.0,0.0,0.0,0.03260546218672949,0.02649911920500668,0.024747657485851386,0.0,0.0,0.0,0.0,0.0,0.0,0.15899471523004008,0.0,0.0,0.0,0.0,0.0,0.0,0.0,0.0,0.0,0.0,0.02649911920500668,0.029228479691197375,0.0,0.0,0.0,0.0,0.0,0.0,0.0,0.0,0.0,0.0,0.0,0.0,0.0,0.0,0.03703624681348742,0.0,0.02530795338003689,0.15534674833197137,0.0,0.0,0.11119486407180557,0.0,0.0,0.04829992322921019,0.0
44,0.014613598022944235,0.13232586741894203,0.13063195691697158,0.12679901966537618,0.0,0.05833502221430723,0.0,0.26655608942705555,0.10802238658220432,0.0,0.023098596996382385,0.0,0.0,0.23500264568944104,0.0,0.01773417364361465,0.0,0.028866357049003623,0.01915992576353592,0.0,0.018077126591495463,0.0,0.0,0.04066866782856225,0.0,0.0,0.0,0.0,0.0,0.0,0.0,0.0,0.0,0.022543565753454117,0.018789533448094684,0.032657989229242894,0.04149791679342493,0.0,0.0,0.023030945188508154,0.0,0.027704170632230202,0.0,0.0,0.018789533448094684,0.0,0.03080338657966067,0.0,0.025763032570646584,0.0,0.0,0.0,0.0,0.0,0.0,0.022543565753454117,0.0,0.0,0.06339950983268809,0.0,0.0,0.0,0.0,0.0,0.0,0.0,0.027704170632230202,0.0,0.0,0.0,0.023536051350532723,0.0,0.029961377955015866,0.0,0.0,0.0,0.0,0.0,0.0,0.0,0.0,0.023030945188508154,0.0,0.0,0.0,0.0,0.0,0.0,0.025763032570646584,0.0,0.0,0.0,0.0,0.0
45,0.08768157474186947,0.0,0.0,0.0,0.0,0.0,0.0,0.0,0.0,0.1865385648887134,0.0,0.0,0.0,0.0,0.0,0.0,0.0,0.0,0.0,0.0,0.0,0.0,0.0,0.0,0.0,0.0,0.2594075204810116,0.0,0.0,0.0,0.0,0.0,0.0,0.0,0.0,0.0,0.24898746272079889,0.0,0.0,0.0,0.0,0.0,0.0,0.0,0.0,0.0,0.0,0.3803970008799209,0.0,0.0,0.0,0.0,0.0,0.0,0.0,0.0,0.0,0.0,0.0,0.0,0.0,0.0,0.0,0.0,0.0,0.0,0.0,0.0,0.0,0.0,0.0,0.0,0.0,0.0,0.0,0.0,0.0,0.0,0.0,0.0,0.0,0.0,0.0,0.0,0.0,0.0,0.0,0.0,0.0,0.0,0.0,0.0,0.0,0.0
46,0.08369605876221416,0.0,0.0,0.0,0.0,0.0,0.0,0.0,0.0,0.0,0.03779770298278915,0.0,0.0,0.0,0.0,0.0,0.0,0.04723585549824788,0.0,0.0,0.11832300668211787,0.0,0.0,0.0,0.05694376870689088,0.0,0.07074751416118527,0.0,0.0,0.0,0.0,0.0,0.0,0.0,0.12298603323266671,0.0,0.0,0.0,0.0,0.0,0.0,0.0,0.0,0.0,0.0,0.0,0.10081108016944884,0.0,0.0,0.0,0.0,0.0,0.0,0.0,0.08633591123111405,0.0,0.0,0.0,0.0,0.0,0.0,0.0,0.0,0.0,0.0,0.0,0.0,0.0,0.0,0.0,0.0,0.0,0.0,0.0,0.0,0.0,0.0,0.0,0.2789991156289896,0.0,0.0,0.0,0.0,0.0,0.08633591123111405,0.0,0.0,0.0,0.0,0.0,0.0,0.0,0.1536815691210485,0.0
47,0.06788251860156927,0.0,0.0,0.0,0.2519135014217838,0.0,0.0,0.0,0.0,0.03610424321827748,0.026824176664351215,0.0,0.0,0.0,0.0,0.0,0.0,0.033522220473389944,0.0,0.0,0.0,0.11692765793335236,0.0,0.0,0.0,0.0,0.0,0.0,0.0,0.0,0.0,0.0,0.07362523587262226,0.0,0.0,0.0,0.0,0.0445004719236787,0.054664376326130026,0.0,0.0,0.0,0.07362523587262226,0.03891106174030365,0.04364020591652079,0.0,0.0,0.0,0.0,0.0,0.0,0.0,0.0,0.0,0.0,0.0,0.0,0.04819112829422992,0.0,0.0,0.0,0.0,0.0,0.0,0.0,0.0,0.0,0.0,0.0,0.0,0.0,0.27835086104965223,0.0,0.0,0.0,0.0,0.0,0.0,0.0,0.0,0.0,0.0,0.0,0.0,0.0,0.0,0.05846382896667618,0.0,0.0,0.0,0.0,0.0,0.0,0.0
48,0.07614453612067941,0.027858077005166675,0.0,0.0,0.0,0.055264757200468806,0.0,0.0,0.0,0.0,0.0,0.0,0.0,0.034251397326668494,0.0,0.03360159174928518,0.0,0.027347074759216692,0.10890905035511804,0.0,0.06850279465333699,0.0,0.034251397326668494,0.038528211148272734,0.0,0.0,0.04095908792985533,0.04182197798143693,0.0,0.0,0.0,0.0,0.0,0.0,0.0,0.0,0.0,0.036303016785039346,0.0891892461147255,0.0,0.0,0.10498422424908596,0.0,0.03174323476624317,0.0,0.0,0.0,0.0,0.09762833273870634,0.04558778955709118,0.0,0.0,0.0,0.0,0.04998394956411766,0.0,0.0,0.0,0.0,0.0,0.0,0.0,0.0,0.0,0.0,0.0,0.0,0.0,0.0,0.0,0.0,0.0,0.0,0.0,0.0,0.0,0.0,0.09762833273870634,0.0,0.0,0.0,0.0,0.0,0.0,0.0,0.04661991356027953,0.0,0.0,0.0,0.0,0.0,0.0,0.0,0.0
49,0.009742398456444345,0.03920766351284248,0.0,0.0,0.0,0.0,0.0,0.0,0.0,0.0,0.0,0.15327940256015307,0.0,0.0,0.0,0.0,0.0,0.0,0.20437253674687078,0.0,0.0964113395895652,0.0,0.0,0.0,0.0,0.0,0.0,0.0,0.0,0.0,0.0,0.0,0.0,0.060116173950966224,0.05010542136840478,0.0,0.0,0.0,0.0,0.06141585241435852,0.0,0.0,0.0,0.0,0.0,0.06141585241435852,0.0,0.0,0.0,0.0,0.0,0.0,0.0,0.0687014185980803,0.0,0.0,0.0687014185980803,0.0,0.0,0.0,0.0,0.0,0.0,0.0,0.0,0.0,0.0,0.0,0.0,0.5304427675127149,0.0,0.0,0.1597940120611492,0.0,0.0,0.0,0.0,0.0,0.0,0.0,0.07207074359202109,0.0,0.0,0.0,0.0,0.0,0.0,0.0,0.0,0.0,0.0,0.0,0.0,0.0
50,0.021043580603568438,0.0,0.0,0.0,0.0,0.0,0.0,0.0,0.0,0.0,0.0,0.0,0.0,0.26031061612053535,0.0,0.10214883752000077,0.0,0.041567553065190235,0.0,0.0,0.0,0.0,0.05206212322410707,0.0,0.0,0.0,0.0,0.0,0.0,0.0,0.0,0.0,0.0,0.0,0.0,0.0,0.0,0.055180584758157084,0.0,0.0,0.0,0.0,0.18259058355049876,0.0,0.0,0.0,0.0,0.0,0.0,0.0,0.0,0.0,0.0692934391785526,0.0,0.0,0.0,0.0,0.0,0.0,0.0,0.0,0.07597560229779272,0.0,0.0,0.0,0.0,0.0,0.0,0.0,0.16367948206180438,0.06778382611962325,0.0,0.0,0.0,0.0,0.0,0.0,0.0,0.24551922309270655,0.0,0.0,0.0,0.07086226764193071,0.0,0.07597560229779272,0.0,0.07249514735742574,0.0,0.0,0.0,0.0,0.0,0.0,0.0
51,0.0,0.0,0.0,0.0,0.0,0.0,0.0,0.0,0.0,0.0,0.0,0.0,0.0,0.0,0.0,0.15960754505836044,0.0,0.0,0.0,0.0,0.0,0.0,0.16269412124633487,0.0,0.1565953514875021,0.0,0.0,0.0,0.0,0.0,0.0,0.0,0.0,0.0,0.0,0.0,0.0,0.1724393127118999,0.2118244386187461,0.0,0.0,0.0,0.0,0.0,0.0,0.0,0.0,0.0,0.23186726737278993,0.0,0.0,0.0,0.0,0.0,0.0,0.20289206923752412,0.0,0.0,0.0,0.0,0.0,0.0,0.0,0.0,0.0,0.0,0.0,0.0,0.0,0.0,0.0,0.0,0.0,0.0,0.0,0.0,0.0,0.0,0.0,0.0,0.2432387382270719,0.0,0.0,0.0,0.0,0.0,0.0,0.0,0.0,0.0,0.0,0.0,0.0,0.0
52,0.08306676740576063,0.01857205149969051,0.0,0.0,0.13700559050847735,0.0,0.04255233660990988,0.0,0.0,0.0,0.0,0.024202011402324572,0.0,0.022834265084746227,0.0,0.0448021227253813,0.0,0.018231383332735537,0.0,0.0,0.0,0.0,0.022834265084746227,0.02568547432415966,0.0,0.0,0.027306058859430375,0.0,0.0,0.0,0.0,0.0,0.0,0.0,0.023734147426635144,0.0,0.0,0.024202011402324572,0.0,0.05818344026357236,0.0,0.0,0.0,0.021162156696461727,0.0,0.0,0.0,0.0,0.032542777865031736,0.0,0.027306058859430375,0.029729748965695763,0.03039185997132271,0.032542777865031736,0.06664526667009779,0.0,0.032542777865031736,0.0,0.0,0.0,0.06508555573006347,0.0,0.07368634358032981,0.0,0.0,0.0,0.034994741723333396,0.0,0.0,0.0,0.0,0.03784595096274683,0.0,0.0,0.0,0.0,0.0,0.032542777865031736,0.0,0.0,0.0341387739459042,0.0,0.0,0.0,0.0,0.031079942646150754,0.0,0.0,0.0,0.0,0.05341267340896052,0.0,0.0,0.0
53,0.03288059189822549,0.0,0.0,0.0,0.0,0.0,0.0,0.0,0.0,0.0,0.1039436749344237,0.0,0.0,0.0,0.0,0.0,0.0,0.1298985922873396,0.0,0.0,0.0,0.0,0.0,0.0,0.0,0.0,0.0,0.0,0.0,0.0,0.0,0.0,0.0,0.0,0.0,0.0,0.0,0.0,0.2118244386187461,0.0,0.0,0.0,0.0,0.0,0.16910578224332107,0.0,0.0,0.0,0.0,0.0,0.19455564846724274,0.0,0.0,0.0,0.0,0.0,0.0,0.0,0.0,0.0,0.0,0.0,0.0,0.0,0.0,0.0,0.0,0.0,0.0,0.0,0.0,0.0,0.0,0.0,0.2852977625473455,0.0,0.0,0.0,0.0,0.0,0.0,0.0,0.0,0.0,0.23742373699958547,0.0,0.0,0.0,0.0,0.0,0.0,0.0,0.0,0.0
54,0.0415333833385524,0.05571615401033335,0.0,0.0,0.06850279465333699,0.0,0.0,0.2525268184243481,0.06822466436199215,0.0,0.0,0.0,0.0,0.13700558930667397,0.0,0.0,0.0,0.027347074759216692,0.0,0.0,0.034251397326668494,0.09538835309140076,0.0,0.0,0.032967445671787436,0.0,0.0,0.0,0.0,0.0,0.0,0.0,0.0,0.0,0.0,0.0,0.0,0.036303016785039346,0.0,0.0,0.0,0.0,0.0,0.03174323476624317,0.0,0.0,0.05836431068880643,0.0,0.0,0.0,0.04095908792985533,0.0,0.0,0.0,0.0,0.0,0.0,0.0393138154210116,0.0,0.0,0.0,0.04998394956411766,0.055264757200468806,0.0,0.0,0.0,0.0,0.0,0.0,0.0,0.04459462305736275,0.17030677783844167,0.0,0.0,0.0,0.0,0.0,0.0,0.0,0.0,0.0,0.0,0.04661991356027953,0.0,0.09996789912823532,0.0,0.04769417654570038,0.0,0.0,0.0,0.0,0.0,0.0,0.0
55,0.0,0.0,0.0,0.0,0.0,0.0,0.0,0.0,0.0,0.0,0.0,0.0,0.0,0.0,0.0,0.0,0.0,0.11546541697021023,0.0,0.0,0.0,0.0,0.0,0.0,0.0,0.0,0.0,0.0,0.0,0.0,0.0,0.0,0.0,0.0,0.0,0.0,0.0,0.15327939120612455,0.0,0.0,0.0,0.0,0.0,0.0,0.0,0.1842475435951099,0.0,0.0,0.0,0.0,0.0,0.0,0.0,0.0,0.0,0.0,0.0,0.0,0.0,0.0,0.4122084810545214,0.0,0.0,0.0,0.0,0.0,0.0,0.0,0.0,0.0,0.0,0.0,0.0,0.0,0.0,0.0,0.0,0.0,0.0,0.0,0.0,0.0,0.7873584733648522,0.0,0.0,0.0,0.0,0.0,0.0,0.0,0.0,0.0,0.0,0.0
56,0.060702636449836075,0.0,0.0,0.0,0.0,0.0,0.0,0.0,0.0,0.04304736664705687,0.03198267197832279,0.05305825465677912,0.0,0.10011946789269739,0.0,0.04911001811401579,0.0,0.0,0.0,0.0,0.0,0.0,0.050059733946348696,0.05631046176354281,0.0,0.0,0.0,0.061124428615082785,0.0,0.08077156723503863,0.0,0.0,0.0,0.0,0.0,0.0,0.0,0.0,0.0,0.0,0.0,0.0,0.0,0.0,0.05203255288537684,0.0,0.0,0.0,0.07134378075022331,0.13325661400991903,0.0,0.0,0.0,0.0,0.0,0.0,0.0,0.11491730521950795,0.0,0.0,0.0,0.0,0.0,0.0,0.0,0.0,0.0,0.0,0.0,0.0,0.0,0.0,0.0,0.0,0.08778393453433046,0.0,0.0,0.0,0.0786920588046245,0.0,0.0,0.06377800049328969,0.0681367959143746,0.0,0.0,0.0,0.0,0.0,0.0,0.0,0.0,0.0,0.0,0.0
57,0.010195533566949187,0.0902688093358892,0.1640494352745881,0.19462175230868245,0.040358236358922196,0.1139567882807846,0.4512526903283729,0.0,0.020097188324675795,0.03470485479673276,0.006446120131573211,0.032081736359083714,0.0,0.010089559089730549,0.0,0.009898143489738644,0.06250808076624799,0.008055727597996755,0.0,0.0,0.0,0.0,0.0,0.0,0.0,0.0,0.03619640395879354,0.02463930531468106,0.01404944761535925,0.04883862354890768,0.0,0.0,0.053078659720549766,0.02516491076294274,0.0,0.09113857515254893,0.011580814059933659,0.0,0.0,0.0,0.0,0.0,0.0,0.009350720492323678,0.0,0.0,0.0,0.053078659720549766,0.0,0.0,0.012065467986264513,0.0,0.0,0.0,0.0,0.01258245538147137,0.0,0.011580814059933659,0.017692886573516586,0.0,0.028758734208840613,0.04417186322549921,0.0,0.0,0.0,0.0,0.0,0.0,0.0,0.0,0.0262728016688063,0.03344525931782776,0.0,0.03344525931782776,0.0,0.0,0.0,0.0,0.0,0.0,0.0,0.0,0.0,0.0,0.0,0.013732998047887886,0.01404944761535925,0.0,0.014379367104420306,0.01508457468194371,0.0,0.0,0.0,0.0
58,0.06576117557630505,0.0,0.0,0.0,0.0,0.0,0.0,0.0,0.0,0.0,0.0,0.0,0.0,0.0,0.0,0.0,0.0,0.0,0.0,0.0,0.0,0.0,0.0,0.0,0.0,0.0,0.0,0.0,0.0,0.0,0.0,0.0,0.0,0.0,0.0,0.0,0.0,0.0,0.0,0.0,0.0,0.0,0.0,0.0,0.0,0.0,0.0,0.0,0.0,0.0,0.0,0.0,0.0,0.0,0.0,0.0,0.0,0.0,0.0,0.0,0.9274689535575549,0.0,0.0,0.0,0.0,0.0,0.0,0.0,0.0,0.0,0.0,0.0,0.0,0.0,0.5705954537702681,0.0,0.0,0.0,0.0,0.0,0.0,0.0,0.0,0.0,0.0,0.0,0.0,0.0,0.0,0.0,0.0,0.0,0.0,0.0
59,0.0,0.0,0.0,0.0,0.0,0.0,0.0,0.0,0.0,0.0,0.0,0.0,0.0,0.0,0.0,0.0,0.0,0.0,0.0,0.0,0.0,0.0,0.0,0.0,0.0,0.0,0.0,0.0,0.0,0.0,0.0,0.0,0.0,0.0,0.0,0.0,0.0,0.0,0.0,0.0,0.0,0.0,0.0,0.0,0.0,0.0,0.0,0.0,0.0,0.0,0.0,0.0,0.0,0.0,0.0,0.0,0.0,0.0,0.0,0.0,0.0,0.0,0.0,0.0,0.0,0.0,0.0,0.0,0.0,0.0,0.0,0.0,0.0,0.0,0.0,0.0,0.0,0.0,0.0,0.0,0.0,0.0,0.0,0.0,0.0,0.0,0.0,0.0,0.0,0.0,0.0,0.0,0.0,0.0
60,0.1315223621128042,0.17643446293665793,0.0,0.0,0.0,0.0,0.0,0.0,0.0,0.0,0.13859156080458393,0.0,0.0,0.0,0.0,0.0,0.0,0.0,0.2299190740359063,0.0,0.0,0.0,0.0,0.0,0.0,0.0,0.0,0.0,0.0,0.0,0.0,0.0,0.0,0.0,0.0,0.0,0.0,0.0,0.0,0.0,0.0,0.0,0.0,0.0,0.0,0.0,0.0,0.0,0.0,0.0,0.0,0.0,0.0,0.0,0.0,0.0,0.0,0.0,0.0,0.0,0.0,0.0,0.0,0.0,0.0,0.0,0.0,0.0,0.0,0.0,0.0,0.0,0.0,0.0,0.0,0.0,0.0,0.0,0.0,0.0,0.0,0.0,0.0,0.0,0.0,0.0,0.0,0.0,0.0,0.0,0.0,0.0,0.0,0.0
61,0.07014526680802108,0.0,0.0,0.0,0.0,0.0,0.0,0.0,0.0,0.0,0.0,0.0,0.0,0.0,0.0,0.0,0.0,0.06927925326120371,0.0,0.0,0.0,0.0,0.0,0.09760479763718516,0.0,0.0,0.0,0.21189801322234325,0.0,0.0,0.0,0.0,0.0,0.0,0.09018975579083965,0.0,0.0,0.0,0.0,0.0,0.0,0.0,0.0,0.0,0.09018975579083965,0.0,0.0,0.0,0.0,0.0,0.0,0.0,0.0,0.0,0.12662600045296132,0.0,0.0,0.0,0.0,0.0,0.0,0.0,0.0,0.0,0.0,0.0,0.5319200480652622,0.0,0.0,0.0,0.0,0.0,0.0,0.0,0.0,0.0,0.0,0.0,0.0,0.0,0.0,0.0,0.0,0.0,0.0,0.0,0.0,0.0,0.0,0.0,0.0,0.0,0.0,0.0
62,0.1753631202565571,0.0,0.0,0.0,0.0,0.0,0.0,0.0,0.0,0.0,0.0,0.0,0.0,0.0,0.0,0.0,0.0,0.0,0.0,0.0,0.0,0.0,0.0,0.0,0.0,0.0,0.0,0.0,0.0,0.0,0.0,0.0,0.0,0.0,0.0,0.0,0.0,0.0,0.0,0.0,0.0,0.0,0.0,0.0,0.0,0.0,0.0,0.0,0.0,0.0,0.0,0.0,0.0,0.0,0.0,0.0,0.0,0.0,0.0,0.0,0.0,0.0,0.0,0.0,0.0,0.0,0.0,0.0,0.0,0.0,0.0,0.0,0.0,0.0,0.0,0.0,0.0,0.0,0.0,0.7000200429541762,0.0,0.0,0.0,0.0,0.0,0.0,0.0,0.0,0.0,0.0,0.0,0.0,0.0,0.0
63,0.052608943091490536,0.0,0.0,0.0,0.2603105744708451,0.0,0.0,0.0,0.0,0.22384627040491498,0.0,0.0,0.0,0.0,0.0,0.0,0.0,0.0,0.0,0.0,0.0,0.0,0.0,0.0,0.0,0.0,0.0,0.0,0.0,0.0,0.0,0.0,0.0,0.0,0.0,0.0,0.0,0.0,0.0,0.0,0.0,0.0,0.0,0.0,0.0,0.0,0.0,0.0,0.0,0.0,0.0,0.0,0.0,0.0,0.0,0.0,0.0,0.0,0.0,0.0,0.0,0.0,0.0,0.0,0.0,0.0,0.0,0.0,0.0,0.0,0.0,0.0,0.4314437622557516,0.0,0.0,0.0,0.0,0.0,0.40919863968273124,0.0,0.0,0.0,0.0,0.0,0.0,0.0,0.0,0.0,0.0,0.0,0.0,0.0,0.0,0.0
64,0.0263044754914158,0.05293034505620327,0.0,0.0,0.0,0.0,0.0,0.0,0.0,0.11192315199092692,0.0,0.06897573025793907,0.0,0.0,0.0,0.06384302281157028,0.0,0.0,0.06897573025793907,0.0,0.0,0.09061893329059287,0.0,0.0,0.06263814529286113,0.0,0.0,0.07946175628274123,0.0,0.0,0.0,0.0,0.0,0.0,0.06764231797050163,0.0,0.0,0.0,0.0,0.0,0.0,0.0,0.0,0.06031214462741651,0.06764231797050163,0.0,0.0,0.0,0.4637345695256681,0.0,0.0,0.0,0.0,0.0,0.0,0.0,0.0,0.07469624753080042,0.0,0.0,0.0,0.0,0.0,0.0,0.0,0.0,0.0,0.0,0.0,0.0,0.0,0.0,0.0,0.0,0.0,0.0,0.0,0.0,0.0,0.0,0.0,0.0,0.0,0.0,0.0,0.0,0.0,0.0,0.0,0.0,0.0,0.0,0.0,0.0
65,0.03757782132535502,0.0,0.0,0.0,0.0,0.0,0.0,0.0,0.0,0.0,0.0,0.19707351079967952,0.0,0.0,0.0,0.0,0.0,0.0,0.0,0.0,0.0,0.0,0.0,0.0,0.0,0.0,0.22234932444556116,0.0,0.0,0.0,0.0,0.0,0.0,0.0,0.0,0.0,0.0,0.0,0.0,0.0,0.0,0.0,0.0,0.0,0.19326376148863855,0.0,0.0,0.3260546032356036,0.0,0.0,0.0,0.12104254283799033,0.0,0.0,0.0,0.0,0.0,0.0,0.0,0.0,0.0,0.0,0.0,0.0,0.0,0.0,0.0,0.0,0.0,0.0,0.0,0.0,0.0,0.0,0.0,0.0,0.31683481516022105,0.0,0.14614239010499327,0.0,0.0,0.0,0.0,0.0,0.0,0.0,0.0,0.0,0.0,0.0,0.0,0.0,0.0,0.0
66,0.15782684505715294,0.10586068481937258,0.0,0.0,0.0,0.0,0.0,0.0,0.0,0.0,0.0,0.0,0.0,0.0,0.0,0.0,0.0,0.0,0.0,0.0,0.0,0.0,0.0,0.0,0.0,0.0,0.0,0.0,0.0,0.0,0.0,0.0,0.0,0.0,0.0,0.0,0.0,0.0,0.0,0.0,0.0,0.0,0.0,0.0,0.0,0.0,0.0,0.0,0.3709876370711536,0.0,0.0,0.0,0.0,0.0,0.0,0.0,0.0,0.0,0.0,0.0,0.0,0.0,0.21000606188765097,0.0,0.0,0.0,0.0,0.0,0.0,0.0,0.0,0.0,0.0,0.0,0.0,0.0,0.0,0.0,0.0,0.0,0.0,0.0,0.0,0.0,0.0,0.0,0.0,0.0,0.0,0.0,0.0,0.0,0.0,0.0
67,0.0,0.0588114958138146,0.0,0.0,0.0,0.0,0.0,0.0,0.0,0.0,0.0,0.0383198509948517,0.0,0.07230850536169708,0.0,0.0,0.0,0.0,0.0766397019897034,0.0,0.0,0.0,0.0,0.0,0.03479897038045549,0.0,0.0,0.0,0.0,0.0,0.09391651612300334,0.0,0.0,0.045087130880698094,0.0,0.13063195510263892,0.0,0.0,0.09414420409457253,0.0,0.20879382228273297,0.0,0.0,0.03350674775982576,0.0,0.0,0.12321354460734349,0.0,0.0515260644256534,0.0,0.0,0.2353605102364313,0.0,0.0,0.0,0.09017426176139619,0.0,0.0,0.0,0.0,0.0,0.05276083557387736,0.0,0.0,0.0,0.0,0.0,0.0,0.0,0.113666308376619,0.04707210204728626,0.0,0.0,0.0,0.0,0.13919588152182197,0.0,0.0,0.0,0.0,0.05405305819450709,0.0,0.0,0.0,0.0,0.0,0.05034385294685939,0.0,0.0,0.0,0.0,0.0,0.0,0.0
68,0.13152231827203875,0.0,0.0,0.0,0.0,0.0,0.0,0.0,0.0,0.0,0.0,0.0,0.0,0.0,0.0,0.0,0.0,0.0,0.0,0.0,0.0,0.0,0.0,0.0,0.0,0.0,0.0,0.0,0.0,0.0,0.0,0.0,0.0,0.0,0.0,0.0,0.0,0.0,0.0,0.0,0.0,0.0,0.0,0.0,0.0,0.0,0.0,0.0,0.0,0.0,0.0,0.0,0.0,0.0,0.0,0.0,0.0,0.0,0.0,0.0,0.0,0.0,1.050029889426341,0.0,0.0,0.0,0.0,0.0,0.0,0.0,0.0,0.0,0.0,0.0,0.0,0.0,0.0,0.0,0.0,0.0,0.0,0.0,0.0,0.0,0.0,0.0,0.0,0.0,0.0,0.0,0.0,0.0,0.0,0.0
69,0.05704585262830447,0.012754300497591688,0.0,0.0,0.2665831685387763,0.0,0.0,0.0,0.0,0.053938870476439894,0.010018668595185493,0.0,0.0,0.0,0.0,0.030767723004591976,0.0,0.0,0.04986197557278988,0.0,0.015681362855222133,0.0,0.0,0.0,0.015093529559058296,0.0,0.018752353777605257,0.057442235637439845,0.021835888368613283,0.0,0.0,0.0,0.0,0.0,0.0,0.0,0.0,0.016620658524263296,0.020416815666958937,0.039957302569274246,0.0,0.0,0.0,0.0,0.0,0.019978651284637123,0.0,0.0,0.0,0.02087151840826188,0.018752353777605257,0.0,0.10435759204130939,0.0,0.0,0.019555864304052987,0.022348654801216047,0.017999096473652526,0.0,0.0,0.022348654801216047,0.0,0.0,0.0,0.0,0.0,0.0,0.0,0.0,0.024650525095924948,0.0,0.07797177891802147,0.1039623718906953,0.0,0.0,0.0,0.026721010094192105,0.044697309602432095,0.0,0.025301937392537763,0.0,0.0,0.0,0.0,0.0,0.0,0.0,0.0,0.044697309602432095,0.0,0.0,0.0,0.0,0.0
70,0.0,0.0,0.0,0.0,0.0,0.0,0.0,0.0,0.0,0.0,0.0,0.0,0.0,0.0,0.0,0.0,0.0,0.0,0.0,0.0,0.0,0.0,0.0,0.0,0.0,0.0,0.0,0.0,0.0,0.0,0.0,0.0,0.0,0.0,0.0,0.0,0.0,0.0,0.0,0.0,0.0,0.0,0.0,0.0,0.0,0.0,0.0,0.0,0.0,0.0,0.0,0.0,0.0,0.0,0.0,0.0,0.0,0.0,0.0,0.0,0.0,0.0,0.0,0.0,0.0,0.0,0.0,0.0,0.0,0.0,0.0,0.0,0.0,0.0,0.0,0.0,0.0,0.0,0.0,0.0,0.0,0.0,0.0,0.0,0.0,0.0,0.0,0.0,0.0,0.0,0.0,0.0,0.0,0.0
71,0.0,0.0,0.0,0.0,0.0,0.0,0.0,0.0,0.0,0.0,0.0,0.3448785823139824,0.0,0.0,0.0,0.0,0.0,0.0,0.0,0.0,0.3253882018191495,0.0,0.0,0.0,0.0,0.0,0.0,0.0,0.0,0.0,0.0,0.0,0.0,0.0,0.0,0.0,0.0,0.0,0.0,0.0,0.0,0.0,0.0,0.0,0.0,0.0,0.0,0.0,0.0,0.0,0.0,0.4236488242813958,0.0,0.0,0.0,0.0,0.0,0.0,0.0,0.0,0.0,0.0,0.0,0.0,0.0,0.0,0.0,0.0,0.0,0.0,0.0,0.0,0.0,0.0,0.0,0.0,0.0,0.0,0.0,0.0,0.0,0.0,0.0,0.0,0.0,0.4428890797553639,0.0,0.0,0.0,0.0,0.0,0.0,0.0,0.0
72,0.0,0.22286461017647535,0.0,0.0,0.0,0.0,0.0,0.0,0.0,0.17672076583640894,0.043765761034384384,0.0726060316593937,0.0,0.0,0.0,0.0,0.0,0.10938829615822745,0.1452120633187874,0.0,0.0,0.09538835058118106,0.0,0.0,0.0,0.0,0.0,0.0,0.0,0.0,0.0,0.0,0.0,0.0,0.0,0.0,0.0,0.0,0.0,0.08727515733307237,0.0,0.0,0.0,0.0,0.07120243978157426,0.0,0.0,0.0,0.0,0.0,0.0,0.0,0.0,0.0,0.0,0.085428245861264,0.09762833016953981,0.0,0.0,0.0,0.0,0.0,0.0,0.0,0.0,0.0,0.0,0.0,0.0,0.0,0.0,0.0,0.0,0.0,0.0,0.13186977921689247,0.0,0.0,0.0,0.0,0.0,0.0,0.0,0.0,0.0,0.0,0.0,0.0,0.0,0.0,0.0,0.0,0.0,0.0
73,0.011956579823173451,0.0,0.0,0.0,0.059161503341058935,0.0,0.0,0.0,0.0,0.0,0.0,0.0,0.0,0.0,0.0,0.0,0.0,0.04723585549824788,0.0,0.0,0.0,0.0,0.0,0.0,0.0,0.0,0.07074751416118527,0.0,0.0,0.0,0.0,0.0,0.0,0.0,0.0,0.0,0.0,0.0,0.0,0.0,0.0,0.0,1.0374464917872168,0.0548292226377842,0.0,0.0,0.0,0.0,0.1686307533212918,0.07874254409157773,0.0,0.0,0.0,0.0843153766606459,0.0,0.0,0.0,0.0,0.0,0.0,0.0,0.0,0.0,0.08238084882045191,0.0,0.0,0.0,0.0843153766606459,0.0,0.0,0.0,0.0,0.0,0.0,0.0,0.0,0.0,0.0,0.0,0.0,0.08845045730022072,0.0,0.0,0.0,0.0,0.0,0.0,0.0,0.0,0.0,0.0,0.0,0.0,0.0
74,0.0,0.0,0.0,0.0,0.0,0.0,0.0,0.0,0.0,0.0,0.0,0.0,0.0,0.0,0.0,0.0,0.0,0.0,0.0,0.0,0.0,0.0,0.0,0.0,0.0,0.0,0.0,0.0,0.0,0.0,0.0,0.0,0.0,0.0,0.0,0.0,0.0,0.0,0.0,0.0,0.0,0.0,0.0,0.0,0.0,0.0,0.0,0.0,0.0,0.0,0.0,0.0,0.0,0.0,0.0,0.0,0.0,0.0,0.0,0.0,0.0,0.0,0.0,0.0,0.0,0.0,0.0,0.0,0.0,0.0,0.0,0.0,0.0,0.0,0.0,0.0,0.0,0.0,0.0,0.0,0.0,0.0,0.0,0.0,0.0,0.0,0.0,0.0,0.0,0.0,0.0,0.0,0.0,0.0
75,0.022998449541332695,0.023138949688954604,0.0,0.0,0.021336936484467012,0.0,0.09277804651607842,0.0,0.0,0.0,0.0090879726653014,0.06784498360309084,0.0,0.01422462432297801,0.0,0.006977379852989338,0.1909399848538852,0.03407176598421906,0.0,0.0,0.01422462432297801,0.0,0.0,0.0,0.006845699243987262,0.0,0.05103099586191555,0.0,0.049518544987078736,0.1262331638878422,0.0,0.0,0.08730424378377837,0.03547839886169754,0.02957041354447535,0.07709427030539123,0.0,0.0,0.009260085855269516,0.009061355560339764,0.09583978941582165,0.19620002973686002,0.0,0.006591491509666577,0.007392603386118838,0.01812271112067953,0.01211936531376825,0.07483220895752431,0.0,0.0,0.025515497930957774,0.009260085855269516,0.028398951463785856,0.0,0.05189590500112676,0.008869599715424385,0.0,0.0,0.0,0.03052686332436159,0.0,0.031137543000676053,0.0,0.0,0.0,0.0,0.01090000165204778,0.0,0.0,0.0,0.018520171710539032,0.01178808322914993,0.0,0.035364249687449785,0.0,0.0,0.0,0.0,0.0,0.04590296868648808,0.0,0.0,0.0,0.0,0.031137543000676053,0.0,0.009903708997415748,0.0,0.010136275195154709,0.02126677746909207,0.0,0.0,0.0,0.0
76,0.018788911333710006,0.0,0.0,0.0,0.0,0.0,0.0,0.0,0.0,0.0,0.029698195490031033,0.0,0.0,0.0,0.0,0.045602159802581026,0.0,0.037113886824407936,0.0,0.0,0.0,0.12945562083592715,0.0,0.0,0.044741532991208394,0.0,0.0,0.0,0.0,0.0,0.0,0.0,0.0,0.11593833563022102,0.048315942097728874,0.0,0.053354463284206885,0.049268379459504734,0.24208509432187625,0.0,0.0,0.0,0.0,0.0,0.0,0.0,0.0,0.0,0.0,0.0,0.05558733309665204,0.06052127358046906,0.0,0.0,0.06783535948518075,0.0,0.0,0.053354463284206885,0.0,0.0,0.0,0.0,0.07500216978144292,0.0,0.0,0.0,0.0,0.0,0.0,0.0,0.0,0.0,0.0,0.0,0.0,0.0,0.0,0.0,0.0,0.0,0.20849036566698478,0.05922242919218226,0.0,0.0,0.0,0.06326988209430905,0.0,0.0,0.06624779659292107,0.0,0.0,0.0,0.0,0.0
77,0.03094644304187477,0.1156461368660605,0.19759455776504384,0.19179683752074309,0.0437496847639455,0.19412326826542034,0.04076442367957962,0.0,0.0,0.047026536406115045,0.0,0.0,0.0,0.0437496847639455,0.0,0.06437952147955504,0.0,0.008732679491299406,0.034777680568284494,0.0,0.010937421190986375,0.0,0.010937421190986375,0.012303126469407129,0.021054839629713416,0.0,0.013079372850539641,0.0,0.0,0.0,0.0,0.0,0.0,0.013639804564306366,0.0,0.0,0.01255399170385096,0.011592560189428164,0.0,0.0,0.0,0.0,0.0,0.010136495317008233,0.011368457274654565,0.0,0.0,0.0,0.0,0.0,0.0,0.014240300054908464,0.0,0.0,0.0,0.013639804564306366,0.015587717271108144,0.037661975111552885,0.0,0.0,0.04676315181332444,0.0,0.035295139684621876,0.0,0.0,0.0,0.0,0.015587717271108144,0.017193223448899765,0.017193223448899765,0.014240300054908464,0.036255785287304665,0.018127892643652332,0.0,0.0,0.0,0.0,0.015587717271108144,0.0,0.017647569842310938,0.0,0.0,0.0,0.0,0.0,0.01488703148759247,0.0,0.0,0.031175434542216288,0.0,0.025584221950749587,0.0419364079398515,0.0,0.0
78,0.1372407425893916,0.04602638730556623,0.0,0.0,0.05658926417719721,0.0,0.0,0.0,0.0,0.0,0.0,0.0,0.0,0.0,0.0,0.0,0.0,0.0,0.0,0.0,0.05658926417719721,0.0,0.0,0.0,0.0,0.0,0.0,0.0,0.0,0.0,0.0,0.0,0.0,0.0,0.0,0.0,0.0,0.0,0.0,0.0,0.0,0.0,0.09923401245402234,0.0,0.0,0.0,0.0,0.0,0.0,0.0,0.0,0.0,0.0,0.0,0.0,0.0,0.0,0.0,0.0,0.0,0.0,0.0,0.09130698859024274,0.0,0.0,0.0,0.0,0.2419484726347951,0.0,0.0,0.0,0.0,0.0,0.0,0.0,0.0,0.0,0.0,0.0,0.0,0.0,0.14419373952231848,0.0,0.11271900875049379,0.0,0.0,0.0,0.0,0.0,0.0,0.0,0.0,0.0,0.0
79,0.0,0.0,0.0,0.0,0.0,0.0,0.0,0.0,0.0,0.0,0.0,0.0,0.0,0.0,0.0,0.0,0.0,0.0,0.0,0.0,0.0,0.0,0.0,0.0,0.0,0.0,0.0,0.0,0.0,0.0,0.0,0.0,0.0,0.0,0.0,0.0,0.0,0.0,0.0,0.0,0.0,0.0,0.0,0.0,0.0,0.0,0.0,0.0,0.0,0.0,0.0,0.0,0.0,0.0,0.0,0.0,0.0,0.0,0.0,0.0,0.0,0.0,0.0,0.0,0.0,0.0,0.0,0.0,0.0,0.0,0.0,0.0,0.0,0.0,0.0,0.0,0.0,0.0,0.0,0.0,0.0,0.0,0.0,0.0,0.0,0.0,0.0,0.0,0.0,0.0,0.0,0.0,0.0,0.0
80,0.06576117557630505,0.0,0.0,0.0,0.0,0.0,0.0,0.0,0.0,0.0,0.0,0.0,0.0,0.0,0.0,0.0,0.0,0.0,0.0,0.0,0.0,0.0,0.0,0.0,0.0,0.0,0.0,0.0,0.0,0.0,0.0,0.0,0.0,0.40578408775204355,0.0,0.0,0.0,0.0,0.0,0.0,0.0,0.0,0.0,0.0,0.0,0.0,0.0,0.0,0.0,0.0,0.0,0.0,0.0,0.0,0.0,0.0,0.0,0.0,0.0,0.0,0.0,0.0,0.0,0.0,0.0,0.0,0.0,0.0,0.0,0.0,0.0,0.5393046758544611,0.0,0.0,0.0,0.0,0.0,0.46373447677877744,0.0,0.0,0.0,0.0,0.0,0.0,0.0,0.0,0.0,0.0,0.0,0.0,0.0,0.0,0.0,0.0
81,0.01715509319661074,0.023013194153069922,0.0,0.0,0.08488389811109787,0.0,0.0,0.0,0.0,0.0,0.01807716272482395,0.029989448785762242,0.0,0.0,0.0,0.0,0.0,0.022591061861005374,0.0,0.0,0.08488389811109787,0.0,0.0,0.03182765283336787,0.027233976983943285,0.0,0.0,0.0,0.0,0.0,0.0,0.0,0.0,0.03528558090231916,0.0,0.0,0.0,0.0,0.0,0.07209687132848247,0.10893590793577314,0.04336304934481948,0.0,0.026222672318213104,0.0,0.036048435664241235,0.04821399600706432,0.0,0.0,0.037659478502125567,0.0,0.03683903660729067,0.037659478502125567,0.0403247463157574,0.0,0.03528558090231916,0.0,0.0,0.0,0.0,0.0,0.0412910889593333,0.0,0.07879907465353277,0.0,0.0,0.13008914803445842,0.0,0.0,0.044478120937699456,0.03683903660729067,0.0,0.0,0.0,0.0,0.0,0.0,0.0,0.0,0.27392097172553165,0.0,0.0,0.0,0.0,0.0,0.0,0.03939953732676638,0.0,0.0,0.042302393625063474,0.0,0.0,0.0,0.08460478725012695
82,0.06070263800631392,0.0,0.0,0.0,0.13349262727981762,0.0,0.0,0.0,0.0,0.0,0.0,0.0,0.0,0.0,0.0,0.081850032288745,0.0,0.0,0.0,0.0,0.0,0.0,0.016686578409977202,0.0,0.016061063492747496,0.0,0.019954427722296955,0.06112443018237581,0.06970687435366023,0.026923856435368144,0.0,0.0,0.08778393678520055,0.04161889066622607,0.034688369479696564,0.0,0.0,0.017686085339082395,0.021725585885241303,0.06377800212862302,0.0,0.02557308061091878,0.0,0.01546465304353618,0.0,0.06377800212862302,0.0,0.0,0.0,0.0,0.019954427722296955,0.021725585885241303,0.02220943623779254,0.0,0.0,0.04161889066622607,0.0,0.019152884694350916,0.0,0.0,0.047562521719700664,0.0,0.0,0.0,0.0,0.0,0.02557308061091878,0.0,0.0,0.0,0.0,0.055313313206817025,0.055313313206817025,0.0,0.0,0.0,0.0,0.071343782579551,0.0,0.05384771287073629,0.0,0.0,0.0,0.03323765744541934,0.0,0.0,0.0,0.0,0.023781260859850332,0.0,0.0,0.0,0.0,0.0
83,0.08768158204866676,0.08821723881976432,0.0,0.0,0.0,0.0,0.20212358559946786,0.0,0.0,0.09326929021679627,0.06929578617693986,0.0,0.0,0.0,0.0,0.0,0.0,0.0,0.0,0.0,0.0,0.0,0.0,0.0,0.0,0.0,0.0,0.0,0.0,0.0,0.0,0.0,0.0,0.0,0.0,0.0,0.0,0.0,0.0,0.0,0.0,0.0,0.0,0.0,0.0,0.0,0.0,0.0,0.0,0.0,0.0,0.0,0.0,0.0,0.3165649958563204,0.0,0.0,0.0,0.0,0.0,0.0,0.0,0.0,0.0,0.0,0.0,0.0,0.0,0.0,0.0,0.0,0.0,0.0,0.0,0.0,0.0,0.0,0.0,0.0,0.0,0.0,0.0,0.14762971785673482,0.0,0.0,0.14762971785673482,0.0,0.0,0.0,0.0,0.0,0.0,0.0,0.0
84,0.04641966358760915,0.0,0.0,0.0,0.0,0.0,0.0,0.0,0.0,0.032918574792713845,0.024457337616521378,0.0,0.0,0.0382809733642302,0.0,0.03755472007410907,0.0,0.0,0.04057395981060448,0.0,0.0765619467284604,0.0,0.11484292009269059,0.043060941738283336,0.07369193715584704,0.0,0.0,0.046742210540422664,0.0,0.0,0.0,0.0,0.0,0.0,0.0,0.0,0.0,0.0,0.0,0.0,0.0,0.0,0.0,0.0354777328641983,0.0,0.0,0.0,0.0,0.0,0.0,0.04577780401517019,0.04984104914509878,0.0,0.054557009302722864,0.0,0.0,0.0,0.04393897004039077,0.0,0.0,0.0,0.0558644140457649,0.0,0.0,0.0,0.0,0.0,0.0,0.0,0.06017628080694162,0.04984104914509878,0.0,0.0,0.0,0.0,0.0,0.0,0.0,0.12035256161388325,0.0617664931504729,0.0,0.0,0.0,0.0,0.0558644140457649,0.0,0.05330525597428044,0.0,0.0,0.057232649759490106,0.0,0.0,0.0,0.0
85,0.004871199318429564,0.1764344890750964,0.34835188349918406,0.3381307175422499,0.024102835343740088,0.15556005851796717,0.0,0.0,0.0,0.0,0.0,0.0,0.0,0.0,0.0,0.0,0.0,0.01924423794357539,0.025546567566443416,0.0,0.024102835343740088,0.0,0.0,0.0,0.0,0.0,0.0,0.0,0.0,0.0,0.0,0.0,0.0,0.0,0.0,0.0,0.0,0.025546567566443416,0.03138140165542603,0.0,0.0,0.0,0.0,0.022337832046715612,0.0,0.0,0.0,0.042266339692781235,0.0,0.0,0.028823062101306078,0.0,0.0,0.034350709935164384,0.0,0.030058087532114346,0.0,0.0276652777342033,0.08453267938556247,0.0,0.10305212980549315,0.0,0.0,0.0,0.0,0.0,0.0,0.0,0.037888769809694925,0.037888769809694925,0.03138140165542603,0.0,0.0,0.0,0.0,0.0,0.0,0.0,0.0,0.11667004388847539,0.0,0.0,0.03280660609451721,0.0,0.0,0.0,0.0,0.0,0.0,0.0,0.0,0.0,0.0,0.0
86,0.0,0.0,0.0,0.0,0.0,0.0,0.0,0.0,0.0,0.0,0.0,0.0,0.0,0.0,0.0,0.0,0.0,0.0,0.10611650523215437,0.0,0.0,0.0,0.0,0.0,0.0,0.0,0.0,0.0,0.0,0.0,0.0,0.5982777956664078,0.0,0.12485666399504602,0.0,0.0,0.11491730079961195,0.0,0.1303535069554539,0.0,0.0,0.0,0.1755678623160511,0.0,0.0,0.0,0.0,0.0,0.0,0.0,0.11972655865900243,0.0,0.13325660888466506,0.0,0.0,0.0,0.0,0.0,0.0,0.0,0.0,0.0,0.0,0.0,0.0,0.0,0.0,0.0,0.0,0.0,0.0,0.0,0.0,0.0,0.0,0.0,0.0,0.0,0.0,0.0,0.1496853845669176,0.12755599608057974,0.0,0.0,0.0,0.1362735865874576,0.0,0.0,0.0,0.0,0.0,0.0,0.0,0.0
87,0.042087162048880085,0.021172138657645438,0.0,0.0,0.0,0.0,0.0,0.0,0.0,0.022384631069724287,0.016630989735761496,0.0,0.0,0.052062124265349514,0.0,0.0,0.0,0.02078377694827064,0.0,0.0,0.0,0.2537330208256503,0.07809318639802428,0.0,0.025055258868802183,0.0,0.031128907023293666,0.09535411039991266,0.0,0.0,0.0,0.0,0.0,0.0,0.0,0.0,0.05975699981735025,0.0,0.0,0.0,0.0,0.0,0.0912952936011552,0.0,0.0,0.0,0.0,0.0,0.0,0.10394016084663206,0.0,0.0,0.0,0.0370987666750164,0.0,0.03246273448659055,0.0,0.029878499908675124,0.0,0.0,0.0,0.0,0.0,0.0,0.0,0.0,0.0,0.0741975333500328,0.0,0.0,0.0,0.0,0.0,0.0,0.0456476468005776,0.0,0.0,0.0,0.0,0.0,0.0,0.06632912173755887,0.03543113452958802,0.051850745242592415,0.0,0.1417245381183521,0.0,0.0,0.0,0.0,0.0,0.0,0.0,0.0
88,0.06576117557630505,0.0,0.0,0.0,0.0,0.0,0.0,0.0,0.0,0.0,0.0,0.0,0.0,0.0,0.0,0.0,0.0,0.0,0.0,0.0,0.0,0.0,0.0,0.0,0.0,0.0,0.0,0.0,0.0,0.0,0.0,0.0,0.0,0.0,0.0,0.0,0.3734811629577732,0.0,0.0,0.0,0.0,0.0,0.0,0.0,0.0,0.0,0.0,0.0,0.0,0.0,0.0,0.0,0.0,0.0,0.0,0.0,0.0,0.3734811629577732,0.0,0.0,0.0,0.0,0.0,0.0,0.0,0.0,0.0,0.0,0.0,0.0,0.0,0.0,0.0,0.0,0.0,0.0,0.0,0.0,0.0,0.0,0.0,0.41455691551165424,0.0,0.0,0.0,0.0,0.0,0.0,0.0,0.0,0.0,0.0,0.0,0.0
89,0.1972835513893529,0.0,0.0,0.0,0.0,0.0,0.0,0.0,0.0,0.0,0.0,0.0,0.0,0.0,0.0,0.3192150901167209,0.0,0.0,0.0,0.0,0.0,0.0,0.0,0.0,0.0,0.0,0.0,0.0,0.0,0.0,0.0,0.0,0.0,0.0,0.0,0.0,0.0,0.0,0.0,0.0,0.0,0.0,0.0,0.0,0.0,0.0,0.0,0.0,0.0,0.0,0.0,0.0,0.0,0.0,0.0,0.0,0.0,0.0,0.0,0.0,0.0,0.0,0.0,0.0,0.0,0.0,0.0,0.0,0.0,0.0,0.0,0.0,0.0,0.0,0.0,0.0,0.0,0.0,0.0,0.0,0.0,0.0,0.0,0.0,0.0,0.0,0.0,0.0,0.0,0.0,0.0,0.0,0.0,0.0
90,0.007971053336222498,0.0,0.0,0.0,0.0,0.0,0.0,0.0,0.0,0.03391610733196176,0.0,0.0,0.0,0.0,0.0,0.038692741860051116,0.0,0.0,0.12541042112100348,0.0,0.0,0.0,0.11832300847489066,0.0,0.0,0.0,0.0,0.0,0.0,0.0,0.0,0.0785617344066252,0.0,0.04918596083655458,0.0,0.14250758702482935,0.0,0.04180347370700116,0.10270276784381961,0.0,0.0,0.0,0.0,0.03655281564568665,0.0,0.050249334131945406,0.0,0.0,0.0,0.15748509056929313,0.0,0.0,0.0,0.0,0.0,0.0,0.0,0.0,0.0,0.0,0.0,0.0,0.0,0.0,0.0,0.0,0.18133638661629847,0.0,0.0,0.12399960882499948,0.0,0.0,0.0653702781015831,0.0,0.0,0.0,0.0,0.0,0.12399960882499948,0.0,0.17690091728075827,0.0,0.0,0.0,0.0,0.05368353661293936,0.0,0.0,0.0,0.0,0.0,0.0,0.0,0.0
91,0.0,0.0,0.0,0.0,0.0,0.0,0.0,0.0,0.0,0.0,0.0,0.0,0.0,0.0,0.0,0.0,0.0,0.0,0.0,0.0,0.0,0.0,0.0,0.0,0.0,0.0,0.5188149544928785,0.0,0.0,0.0,0.0,0.0,0.0,0.0,0.0,0.0,0.0,0.45983807143214683,0.0,0.0,0.0,0.0,0.0,0.0,0.0,0.0,0.0,0.0,0.0,0.0,0.0,0.0,0.0,0.0,0.0,0.0,0.0,0.0,0.0,0.0,0.6183125841790008,0.0,0.0,0.0,0.0,0.0,0.0,0.0,0.0,0.0,0.0,0.0,0.0,0.0,0.0,0.0,0.0,0.0,0.0,0.0,0.0,0.0,0.0,0.0,0.0,0.0,0.0,0.0,0.0,0.0,0.0,0.0,0.0,0.0
92,0.01753631670200527,0.14114758446408243,0.0,0.0,0.0,0.0,0.0,0.0,0.0,0.0,0.055436629865495635,0.0,0.0,0.0,0.0,0.0,0.0,0.06927925326120371,0.0,0.0,0.0,0.0,0.0,0.0,0.0,0.0,0.0,0.0,0.0,0.0,0.0,0.0,0.0,0.10820910990554349,0.0,0.0,0.0,0.0,0.0,0.0,0.0,0.0,0.0,0.0,0.0,0.0,0.0,0.0,0.12366254981246912,0.0,0.0,0.0,0.0,0.12366254981246912,0.0,0.10820910990554349,0.0,0.0995949950478174,0.0,0.0,0.0,0.0,0.0,0.0,0.0,0.0,0.0,0.0,0.0,0.0,0.0,0.0,0.0,0.0,0.0,0.0,0.0,0.0,0.0,0.0,0.0,0.0,0.35431132876135185,0.0,0.0,0.2362075525075679,0.0,0.0,0.0,0.0,0.0,0.0,0.0,0.0
93,0.06247313163485485,0.026465173520545594,0.0,0.0,0.0,0.0,0.0,0.0,0.0,0.02798078904701127,0.010394368662808696,0.017243933211132233,0.0,0.016269413954942327,0.0,0.0,0.0,0.012989860690093103,0.0,0.0,0.03253882790988465,0.20389260754980637,0.016269413954942327,0.05490270164481279,0.03131907382089578,0.0,0.01945556703547529,0.0,0.0,0.0,0.0,0.0,0.0,0.0,0.0,0.0,0.0,0.0,0.0,0.0,0.0,0.0,0.0,0.0,0.03382116025354426,0.0,0.0,0.0,0.0,0.08661680135515269,0.0,0.021182446244899514,0.021654200338788173,0.0,0.07122712911292665,0.0,0.023186729345785716,0.0,0.0,0.0,0.0,0.0,0.10500304013159058,0.0,0.0,0.0,0.0,0.04637345869157143,0.0,0.0,0.0,0.0,0.0,0.08089572059089802,0.17117867678600604,0.0,0.0,0.023186729345785716,0.0,0.0,0.0,0.0,0.0,0.22684701213769437,0.0,0.0,0.0,0.0,0.0,0.0,0.0,0.0,0.0,0.0
94,0.05845438640871169,0.0,0.0,0.0,0.0,0.0,0.0,0.0,0.0,0.0,0.09239437900274283,0.0,0.0,0.0,0.0,0.0,0.0,0.0,0.0,0.0,0.0,0.0,0.0,0.0,0.0,0.0,0.0,0.0,0.20137539500615512,0.0,0.0,0.0,0.0,0.0,0.0,0.0,0.0,0.0,0.18828839249844612,0.0,0.0,0.0,0.0,0.0,0.15031625297067752,0.1842475435951099,0.0,0.0,0.0,0.0,0.0,0.0,0.0,0.0,0.0,0.0,0.0,0.1659916510356228,0.0,0.0,0.0,0.0,0.0,0.0,0.0,0.0,0.0,0.2061042405272607,0.0,0.0,0.0,0.0,0.0,0.0,0.0,0.0,0.0,0.0,0.0,0.0,0.0,0.0,0.0,0.0,0.0,0.0,0.0,0.0,0.0,0.0,0.0,0.0,0.0,0.0
95,0.004473550462103498,0.06121196652283337,0.19994687492904784,0.20960654491040703,0.013281154369772945,0.15000434440996482,0.2309984020064054,0.0,0.008818154099191197,0.011420730327183012,0.002828399661873009,0.03284558736767346,0.0,0.004427051456590982,0.0,0.004343062978678114,0.14627741413019604,0.0035346560022539216,0.0046922267668104934,0.0,0.008854102913181963,0.00616455357233414,0.004427051456590982,0.0,0.004261098517803638,0.0,0.04764628705100689,0.005405561903778977,0.01232910714466828,0.05714451215617707,0.0,0.0,0.0621056429364169,0.01104174660728836,0.0,0.08797662496878104,0.0254068880991646,0.0,0.0,0.0,0.034088788142429105,0.03392347459932058,0.0,0.004102867172644925,0.0,0.011280463067777557,0.09052423906103137,0.06986884830346901,0.0,0.005892299465527057,0.0,0.0057639310034369945,0.0,0.0,0.0,0.0,0.006309314165102968,0.0,0.054342437569364785,0.01900141496559054,0.006309314165102968,0.04522357445142642,0.007143064019522134,0.0,0.0,0.0,0.013569389839728233,0.006309314165102968,0.006959161906983449,0.0,0.023055724013747978,0.0,0.0,0.014674960784932245,0.0,0.02556659110682183,0.0,0.0,0.006959161906983449,0.007143064019522134,0.0,0.0,0.006025703251308953,0.0,0.0064605106359180604,0.012051406502617906,0.00616455357233414,0.08581281460475886,0.012618628330205935,0.013237483962153546,0.0,0.0,0.0,0.0
96,0.022873457098231933,0.09205277461113245,0.0,0.0,0.0,0.0,0.0,0.0,0.0,0.0,0.03615432466368434,0.0,0.0,0.05658926417719721,0.0,0.0,0.0,0.045182122739790706,0.0,0.0,0.0,0.0,0.0,0.0,0.05446795278380066,0.0,0.0,0.0,0.0,0.0,0.0,0.0,0.0,0.0,0.0588194073144758,0.0,0.06495325914604334,0.0,0.2210342148386525,0.0,0.0,0.08672609680428905,0.0,0.05244534349631007,0.0588194073144758,0.07209686976115924,0.0,0.0,0.0,0.0,0.0676715354183502,0.0,0.0,0.0,0.0,0.0,0.0,0.0,0.0,0.0,0.0,0.0,0.0,0.0,0.0,0.0,0.0,0.0,0.0,0.0,0.0,0.0,0.0,0.0,0.0,0.0,0.0,0.0,0.08895623994156765,0.0,0.08460478541089252,0.07209686976115924,0.07702420369071007,0.0,0.0,0.07702420369071007,0.0,0.0,0.0,0.0,0.0,0.0,0.0,0.0
97,0.04384079224213305,0.0,0.0,0.0,0.0,0.0,0.0,0.0,0.0,0.0,0.046197192067881795,0.0,0.0,0.07230850335312759,0.0,0.0,0.0,0.05773271169247762,0.0,0.0,0.0,0.0,0.0,0.0,0.0,0.0,0.0,0.0,0.5034385154841909,0.0,0.0,0.0,0.0,0.0,0.07515813066079,0.0,0.0,0.0,0.0,0.0,0.0,0.0,0.0,0.06701349365816563,0.0,0.0,0.0,0.0,0.0,0.0,0.0,0.0,0.0,0.0,0.10552166821659735,0.0,0.0,0.0,0.0,0.0,0.0,0.0,0.0,0.0,0.0,0.0,0.0,0.10305212598874781,0.0,0.11366630521922169,0.0,0.0,0.0,0.0,0.0,0.0,0.0,0.0,0.0,0.0,0.10810611338606665,0.0,0.0,0.0,0.0,0.0,0.0,0.0,0.0,0.10810611338606665,0.0,0.0,0.0,0.0
98,0.035546589318524044,0.0,0.0,0.0,0.03517711074291052,0.0,0.19666079706191358,0.0,0.0,0.0604990024660186,0.04494862059160833,0.0,0.0,0.0,0.0,0.0,0.0,0.0,0.0,0.0,0.0,0.0,0.0,0.0,0.0,0.0,0.042066090276418916,0.042952301680115657,0.09796641661878824,0.0,0.0,0.21020572247933447,0.061686008756500474,0.0,0.0,0.0,0.0,0.07456835874866663,0.0,0.0,0.40630149231467366,0.0,0.0,0.0,0.0,0.0,0.0,0.0,0.0,0.0,0.0,0.04579988310741957,0.0,0.0,0.0,0.04386855980874871,0.0,0.0,0.0,0.07549210632298407,0.0,0.10266973416678667,0.0,0.0,0.0,0.0,0.0,0.0,0.0,0.0,0.0,0.0,0.0,0.0,0.0,0.0,0.0,0.0,0.0,0.0,0.0,0.0,0.0,0.0,0.0,0.047879911190016874,0.09796641661878824,0.0,0.0,0.0,0.0,0.0,0.0,0.0
99,0.03461115278212701,0.0,0.06187829461276798,0.3003134638965571,0.034251397326668494,0.0,0.0,0.0,0.0,0.0,0.021882881093057457,0.0,0.0,0.0,0.0,0.0,0.0,0.0,0.0,0.0,0.034251397326668494,0.0,0.0,0.0,0.032967445671787436,0.0,0.0,0.0,0.2384708827285019,0.0,0.0,0.0,0.0,0.0,0.0,0.0,0.0,0.0,0.0,0.0,0.0,0.05249211212454298,0.0,0.03174323476624317,0.07120244165532263,0.0,0.0,0.0,0.0,0.0,0.0,0.0891892461147255,0.0,0.0,0.0,0.0,0.0,0.0,0.0,0.0,0.0,0.0,0.0,0.0,0.0,0.0,0.0,0.09762833273870634,0.0,0.0,0.04459462305736275,0.0,0.0,0.0,0.0,0.0,0.23345724275522572,0.0,0.0,0.0,0.0,0.043637579814893496,0.0,0.0,0.0,0.0,0.04769417654570038,0.28453722085366623,0.0,0.0,0.0,0.0,0.0,0.0
100,0.0,0.0,0.0,0.0,0.0,0.0,0.0,0.0,0.0,0.08953852248812673,0.033261978806283427,0.0,0.0,0.0,0.0,0.0,0.0,0.0,0.11036116951631417,0.0,0.10412424644821414,0.0,0.0,0.05856288014398779,0.1002210334707881,0.0,0.0,0.0,0.0,0.0,0.0,0.10370148841115509,0.0,0.0,0.0,0.0,0.0,0.0,0.0,0.0,0.0,0.0,0.0,0.0,0.0,0.19898736123292943,0.0,0.0,0.07419753186608219,0.0,0.0,0.0,0.0,0.07419753186608219,0.0,0.0,0.0,0.0,0.0,0.0,0.0,0.07597560229779272,0.0,0.28998058942970295,0.0,0.0,0.15957601867493887,0.0,0.0,0.0,0.0,0.0,0.0,0.0,0.0,0.0,0.0,0.0,0.0,0.0,0.0,0.0,0.0,0.0,0.0,0.07086226764193071,0.0,0.0,0.0,0.07783640284875641,0.0,0.0,0.0,0.0
101,0.03288059498078088,0.03308146628040451,0.0,0.0,0.0,0.0,0.0,0.0,0.0,0.06995197130592874,0.02598592116978573,0.04310983221952124,0.0,0.0,0.0,0.0,0.0,0.06494930223266612,0.04310983221952124,0.0,0.08134706824945412,0.0,0.04067353412472706,0.0,0.0,0.0,0.0,0.04966359860790571,0.0,0.0,0.0,0.0,0.0,0.0,0.08455289904849382,0.0,0.0,0.0,0.0,0.0,0.0,0.06233438284032383,0.0,0.0,0.04227644952424691,0.0,0.0,0.0,0.0,0.0,0.0,0.0,0.0,0.17390046683275917,0.0,0.0,0.05796682227758639,0.0,0.0,0.0,0.0,0.0,0.0,0.056636834368561144,0.0,0.0,0.12466876568064766,0.0,0.0,0.12787459647968735,0.0,0.0,0.0,0.0,0.0,0.0,0.0,0.0,0.06393729823984368,0.13125379770347956,0.0,0.0,0.0,0.0,0.0,0.0,0.0,0.0,0.0,0.0,0.0,0.0,0.0,0.0
102,0.0751556372824506,0.0,0.0,0.0,0.0,0.0,0.0,0.0,0.0,0.0,0.0,0.0,0.0,0.0,0.0,0.0,0.0,0.1484555313916825,0.0,0.0,0.0,0.25891121393136807,0.0,0.0,0.0,0.0,0.0,0.0,0.0,0.0,0.0,0.0,0.0,0.0,0.0,0.0,0.0,0.0,0.0,0.0,0.0,0.0,0.0,0.0,0.0,0.23688969138769156,0.0,0.0,0.0,0.0,0.0,0.0,0.0,0.0,0.0,0.0,0.0,0.21341783027063224,0.0,0.0,0.0,0.0,0.0,0.0,0.0,0.0,0.28495714689537116,0.0,0.0,0.0,0.0,0.0,0.0,0.0,0.0,0.0,0.0,0.0,0.0,0.0,0.0,0.0,0.0,0.0,0.0,0.0,0.0,0.0,0.0,0.0,0.0,0.0,0.0,0.0
103,0.03334370252470224,0.0,0.0,0.0,0.0,0.0,0.0,0.0,0.0,0.0,0.011711964671930983,0.0,0.0,0.018331734004691073,0.0,0.05395185220100611,0.0,0.0,0.038859567738161356,0.0,0.07332693601876429,0.0,0.1283221380328375,0.0,0.07057819441413068,0.0,0.0,0.0,0.025526460998652533,0.029578321116961275,0.0,0.0,0.0,0.04572216151918821,0.01905417476053769,0.0,0.021041197243254352,0.05828935160724204,0.0,0.0700659740809102,0.0,0.0,0.0,0.016989337124945606,0.0,0.02335532469363673,0.0,0.0,0.026125892179206966,0.0,0.021921765639039786,0.0,0.0,0.05225178435841393,0.0,0.022861080759594105,0.026125892179206966,0.0,0.0,0.0,0.0,0.026751973333358412,0.0,0.0,0.0,0.0,0.05618874042620775,0.0,0.02881681096895049,0.0,0.02386754502685722,0.0,0.15191684593937682,0.0,0.0,0.0,0.0,0.0,0.0,0.029578321116961275,0.08222155443583642,0.02335532469363673,0.0,0.0,0.08025592000007524,0.024951503337451157,0.025526460998652533,0.0,0.0,0.0,0.0,0.0,0.0,0.0
104,0.0,0.19247397414862244,0.0,0.0,0.0,0.0,0.0,0.0,0.0,0.0,0.0,0.25082082704074515,0.0,0.0,0.0,0.0,0.0,0.0,0.12541041352037258,0.0,0.0,0.0,0.0,0.0,0.0,0.0,0.0,0.0,0.0,0.0,0.0,0.0,0.0,0.0,0.0,0.0,0.0,0.0,0.0,0.0,0.0,0.0,0.41497857785222503,0.0,0.0,0.0,0.0,0.20748928892611251,0.0,0.0,0.0,0.154054142429115,0.0,0.0,0.0,0.0,0.0,0.0,0.0,0.0,0.0,0.0,0.0,0.0,0.0,0.0,0.0,0.0,0.0,0.0,0.0,0.0,0.0,0.0,0.0,0.0,0.0,0.16863074565625827,0.0,0.0,0.0,0.0,0.0,0.0,0.0,0.0,0.0,0.0,0.0,0.0,0.0,0.0,0.3073631242710465,0.0
105,0.022873457098231933,0.0,0.0,0.0,0.0,0.0,0.10545578799397443,0.0,0.0,0.04866224031341761,0.07230864932736868,0.0,0.0,0.0,0.0,0.0,0.0,0.09036424547958141,0.0,0.0,0.05658926417719721,0.0,0.0,0.0,0.0,0.0,0.0676715354183502,0.0,0.0,0.0,0.0,0.11271900875049379,0.0,0.0,0.0588194073144758,0.0,0.06495325914604334,0.0,0.0,0.0,0.0,0.0,0.0,0.05244534349631007,0.0588194073144758,0.0,0.0,0.0,0.0,0.0,0.0,0.0,0.0,0.08064949087826503,0.0,0.0,0.0,0.0,0.0,0.0,0.0,0.0,0.0,0.0,0.0,0.0,0.0,0.0,0.0,0.0,0.0,0.0,0.0,0.0,0.0,0.0,0.0,0.0,0.1779124798831353,0.0,0.16920957082178503,0.07209686976115924,0.07702420369071007,0.0,0.08258217612340192,0.0,0.0,0.0,0.0,0.0,0.0,0.0,0.0,0.0
106,0.04893856036261874,0.0492375316016579,0.0,0.0,0.030268676799909845,0.0,0.0,0.0,0.0,0.026028640694004762,0.0193383600949001,0.06416347172338493,0.0,0.0,0.0,0.05938886001767436,0.0,0.02416718241930527,0.03208173586169247,0.0,0.0,0.0,0.06053735359981969,0.0,0.05826804369122541,0.0,0.0,0.0,0.0,0.0,0.0,0.0,0.0,0.03774736555918364,0.0,0.0,0.06948488328231696,0.03208173586169247,0.0,0.07712688549023673,0.0,0.04638837829852016,0.0,0.028052161042053814,0.0,0.038563442745118366,0.0,0.0,0.0,0.0,0.036196403397608996,0.0,0.04028688391791559,0.0,0.0,0.03774736555918364,0.04313810064445316,0.03474244164115848,0.0,0.0,0.0,0.0,0.048838622791719744,0.0,0.0,0.0,0.0,0.0,0.0,0.0,0.0,0.0,0.0,0.0,0.0,0.05826804369122541,0.0,0.04313810064445316,0.0,0.0,0.0,0.0,0.0,0.0,0.13251558762199242,0.0,0.0,0.0,0.0,0.0,0.0,0.0,0.0,0.0
107,0.07515564444013,0.0,0.0,0.0,0.0,0.0,0.0,0.0,0.0,0.05329673917019553,0.0,0.0,0.0,0.0,0.0,0.0,0.0,0.049485181843434624,0.0,0.0,0.0,0.0,0.0,0.0,0.0,0.0,0.0,0.0,0.0,0.0,0.0,0.0,0.0,0.0,0.06442125536338549,0.0,0.0,0.0,0.24208509143991094,0.0,0.0,0.0,0.217369740665872,0.0,0.06442125536338549,0.0,0.0,0.0,0.0,0.0,0.0,0.0,0.08249218886976502,0.08833039440567582,0.0,0.0,0.0,0.0,0.0,0.0,0.0,0.0,0.0,0.0,0.0,0.0,0.0,0.08833039440567582,0.0,0.0,0.0,0.0,0.0,0.10272472095227615,0.0,0.0,0.0,0.0,0.0,0.0,0.09266238363775856,0.0,0.0,0.0,0.0,0.0,0.0,0.0,0.0,0.0,0.14497725203553194,0.0,0.0,0.0
108,0.09565264119409589,0.0,0.0,0.0,0.0,0.0,0.0,0.0,0.0,0.0406993292916793,0.0,0.12541042264112975,0.0,0.02366460198182178,0.0,0.0,0.0,0.0,0.0,0.0,0.0,0.0,0.02366460198182178,0.0,0.06833252431188327,0.0,0.028299006436265157,0.11558074008882879,0.0,0.0,0.0,0.0,0.0,0.0,0.0,0.0,0.0,0.05016416905645191,0.0,0.030149600844616938,0.0,0.0,0.0,0.0,0.02459720731736624,0.030149600844616938,0.0,0.0,0.033726151584062454,0.0629940369912813,0.0,0.06162166145322097,0.03149701849564065,0.0,0.0,0.0,0.0,0.0,0.0,0.0,0.033726151584062454,0.0,0.0,0.0,0.0,0.0,0.0,0.06745230316812491,0.0,0.0,0.0,0.03922216733637005,0.0,0.0,0.0,0.0,0.040324433167536755,0.033726151584062454,0.0,0.0,0.0,0.0,0.0,0.0,0.0,0.0,0.0,0.0,0.033726151584062454,0.0,0.0,0.0,0.0,0.0
109,0.005646757086135943,0.16096885676861547,0.1934942068623001,0.11432326777212785,0.018626878430575172,0.16529995761276065,0.0,0.2517739122011737,0.20870157230843453,0.002002203173289163,0.0029751323861592063,0.0,0.2540282219471315,0.0023283598038218965,0.29240868019362726,0.0,0.0,0.0,0.0,0.0,0.0,0.0,0.0,0.0,0.0067232359548530735,0.2998106091998609,0.0,0.022743974272251652,0.0,0.003756817218471832,0.16330385696601307,0.0,0.0,0.014518217834424136,0.0,0.0,0.0026724955682285514,0.002467825888491388,0.027283294203374546,0.0,0.0,0.0,0.008165947698009133,0.0021578585880189915,0.0,0.0,0.0,0.0040829738490045665,0.0033183155054226673,0.003098991137134639,0.008353016347992405,0.0,0.0,0.0,0.0033978356529921015,0.0029036435668848273,0.0,0.0,0.008165947698009133,0.0,0.0,0.0,0.0,0.0032421802382622726,0.11835589436408722,0.13228011723045044,0.0,0.0,0.021960575355479784,0.0,0.0,0.0038590684058380175,0.0,0.0,0.0,0.004482157303235383,0.0,0.0,0.010980287677739892,0.0,0.0,0.002966418736381241,0.0,0.0,0.006795671305984203,0.0,0.0,0.0,0.0,0.0,0.00544637286632746,0.0,0.0,0.0
110,0.00822014874519522,0.06616293256080902,0.0,0.0,0.0,0.0,0.0,0.0,0.0,0.03497598565296437,0.02598592116978573,0.0,0.0,0.04067353412472706,0.0,0.0,0.0,0.06494930223266612,0.12932949665856375,0.0,0.04067353412472706,0.0,0.0,0.09150450102564528,0.039148841542078955,0.0,0.0,0.0,0.0,0.0,0.0,0.0,0.0,0.0,0.08455289904849382,0.0,0.0,0.0,0.0,0.0,0.0,0.06233438284032383,0.0,0.03769509109891825,0.04227644952424691,0.0,0.0,0.0,0.0,0.0,0.0,0.0,0.0,0.0,0.0,0.05072302206466375,0.0,0.0,0.0,0.0,0.0,0.0,0.0,0.22654733747424458,0.0,0.0,0.06233438284032383,0.05796682227758639,0.0,0.0,0.0,0.0,0.0,0.0,0.0,0.0,0.0,0.0,0.0,0.0,0.18242907077302717,0.0,0.0,0.0,0.0,0.05536114707966839,0.0,0.0,0.0,0.06080969025767573,0.0,0.0,0.0,0.0
111,0.0,0.0,0.0,0.0,0.0,0.0,0.0,0.0,0.0,0.0,0.0,0.0,0.0,0.0,0.0,0.0,0.0,0.0,0.0,0.0,0.0,0.0,0.0,0.0,0.0,0.0,0.0,0.0,0.0,0.0,0.0,0.0,0.0,0.0,0.0,0.0,0.0,0.0,0.0,0.0,0.0,0.0,0.0,0.0,0.0,0.0,0.0,0.0,0.0,0.0,0.0,0.0,0.0,0.0,0.0,0.0,0.0,0.0,0.0,0.0,0.0,0.0,0.0,0.0,0.0,0.0,0.0,0.0,0.0,0.0,0.0,0.0,0.0,0.0,0.0,0.0,0.0,0.0,0.0,0.0,0.0,0.0,0.0,0.0,0.0,0.0,0.0,0.0,0.0,0.0,0.0,0.0,0.0,0.0
112,0.08768156012827855,0.0,0.0,0.0,0.0,0.0,0.8084941402743532,0.0,0.0,0.0,0.0,0.0,0.0,0.0,0.0,0.0,0.0,0.0,0.45983807143214683,0.0,0.0,0.0,0.0,0.0,0.0,0.0,0.0,0.0,0.0,0.0,0.0,0.0,0.0,0.0,0.0,0.0,0.0,0.0,0.0,0.0,0.0,0.0,0.0,0.0,0.0,0.0,0.0,0.0,0.0,0.0,0.0,0.0,0.0,0.0,0.0,0.0,0.0,0.0,0.0,0.0,0.0,0.0,0.0,0.0,0.0,0.0,0.0,0.0,0.0,0.0,0.0,0.0,0.0,0.0,0.0,0.0,0.0,0.0,0.0,0.0,0.0,0.0,0.0,0.0,0.0,0.0,0.0,0.0,0.0,0.0,0.0,0.0,0.0,0.0
113,0.16910019596409756,0.0,0.0,0.0,0.0,0.0,0.0,0.0,0.0,0.0,0.05939638885876254,0.0,0.0,0.0,0.0,0.0,0.0,0.0,0.0,0.0,0.0,0.0,0.0,0.0,0.0,0.0,0.0,0.0,0.0,0.0,0.0,0.0,0.0,0.0,0.0,0.0,0.0,0.09853675539983976,0.0,0.0,0.0,0.0,0.0,0.0,0.0,0.0,0.0,0.0,0.0,0.0,0.0,0.0,0.0,0.0,0.0,0.0,0.132495588453857,0.0,0.0,0.0,0.0,0.0,0.0,0.0,0.0,0.0,0.0,0.0,0.0,0.0,0.0,0.0,0.0,0.0,0.1630273016178018,0.0,0.0,0.0,0.0,0.0,0.0,0.0,0.0,0.0,0.0,0.0,0.0,0.0,0.0,0.13899357214726724,0.0,0.0,0.0,0.0
114,0.060702634115119475,0.0,0.0,0.0,0.0,0.0,0.0,0.0,0.0,0.0,0.0,0.0,0.0,0.0,0.0,0.0,0.0,0.0,0.0,0.0,0.0,0.1394137397705424,0.0,0.0,0.0,0.0,0.11972655865900243,0.0,0.0,0.0,0.0,0.0,0.0,0.0,0.0,0.0,0.0,0.0,0.0,0.0,0.0,0.0,0.0,0.0,0.10406510176824992,0.0,0.0,0.0,0.0,0.0,0.0,0.0,0.0,0.4280626680373917,0.0,0.0,0.0,0.11491730079961195,0.0,0.0,0.0,0.0,0.0,0.2788274795410848,0.0,0.0,0.0,0.0,0.0,0.0,0.0,0.0,0.0,0.0,0.0,0.0,0.0,0.0,0.1573841115560142,0.0,0.0,0.0,0.0,0.0,0.0,0.0,0.0,0.0,0.0,0.0,0.0,0.0,0.0,0.0
115,0.0,0.0,0.0,0.0,0.0,0.0,0.0,0.0,0.0,0.0,0.0,0.0,0.0,0.0,0.0,0.0,0.0,0.0,0.0,0.0,0.0,0.0,0.0,0.0,0.0,0.0,0.0,0.0,0.0,0.0,0.0,0.0,0.0,0.0,0.0,0.0,0.0,0.0,0.0,0.0,0.0,0.0,0.0,0.0,0.0,0.0,0.0,0.0,0.0,0.0,0.0,0.0,0.0,0.0,0.0,0.0,0.0,0.0,0.0,0.0,0.0,0.0,0.0,0.0,0.0,0.0,0.0,0.0,0.0,0.0,0.0,0.0,0.0,0.0,0.0,0.0,0.0,0.0,0.0,0.0,0.0,0.0,0.0,0.0,0.0,0.0,0.0,0.0,0.0,0.0,0.0,0.0,0.0,0.0
116,0.026304475929823712,0.03528689729225044,0.0783791726261435,0.07607941031990385,0.08677020595197979,0.07000202529601819,0.0,0.0,0.08641790758541526,0.0,0.05543663171338323,0.0,0.0,0.0,0.0,0.04256201591708041,0.0,0.0,0.0,0.0,0.0,0.0,0.0,0.0,0.0,0.0,0.0,0.21189802028561008,0.0,0.0,0.0,0.0,0.0,0.0,0.0,0.0,0.19918999673530088,0.04598382093835636,0.0564865221429295,0.0,0.0,0.0,0.0,0.0,0.0,0.0,0.0,0.0,0.0,0.0,0.0,0.0,0.0,0.0,0.0,0.0,0.0,0.0,0.1521588206398077,0.0,0.0,0.0,0.0,0.0,0.0,0.0,0.0,0.0,0.0,0.0,0.0,0.07190730569384048,0.0,0.0,0.0,0.0,0.0,0.0,0.0,0.07000202529601819,0.06486366947305479,0.0,0.0,0.0,0.0,0.05905189009528817,0.0,0.0,0.0,0.0,0.0,0.0,0.1126998187214939,0.0
117,0.11879440755274623,0.0,0.0,0.0,0.041985583570297295,0.0,0.0,0.0,0.0,0.0,0.0,0.0,0.0,0.041985583570297295,0.0,0.0,0.0,0.0,0.0,0.0,0.0,0.11692765793335236,0.041985583570297295,0.0,0.0,0.0,0.0,0.0,0.0,0.06774389552060245,0.0,0.0,0.0,0.0,0.08728041183304158,0.0,0.0,0.0,0.0,0.0,0.0,0.0,0.0,0.0,0.0,0.0,0.0,0.0,0.17951015913027743,0.0,0.0,0.0,0.0,0.17951015913027743,0.12254129497740468,0.0,0.0,0.0,0.0,0.0,0.0,0.0,0.0,0.0,0.0,0.0,0.0,0.0,0.0,0.0,0.0,0.0,0.0,0.0,0.0,0.0,0.0,0.0,0.0,0.0,0.0,0.0,0.0,0.0,0.0,0.0,0.0,0.0,0.059836719710092474,0.0,0.0,0.0,0.0,0.0
118,0.02192039551216669,0.08821723881976432,0.0,0.0,0.0,0.0,0.0,0.0,0.0,0.0,0.0,0.0,0.0,0.0,0.0,0.10640503447244952,0.0,0.0,0.0,0.0,0.0,0.0,0.0,0.0,0.10439690534153857,0.0,0.0,0.0,0.0,0.1750050544897931,0.0,0.0,0.0,0.0,0.0,0.0,0.0,0.0,0.0,0.1381856615348226,0.0,0.0,0.0,0.0,0.0,0.0,0.0,0.0,0.0,0.0,0.0,0.0,0.0,0.0,0.0,0.0,0.309156369378567,0.0,0.0,0.0,0.1545781846892835,0.0,0.0,0.0,0.0,0.0,0.0,0.0,0.0,0.0,0.0,0.0,0.17976825524618878,0.0,0.0,0.0,0.18482030664322072,0.0,0.0,0.0,0.0,0.0,0.0,0.0,0.0,0.0,0.0,0.0,0.1545781846892835,0.0,0.0,0.0,0.0,0.0
119,0.09105395467475412,0.04071565051302923,0.0,0.0,0.0,0.0,0.0,0.0,0.0,0.0,0.0,0.2652912732838956,0.0,0.050059733946348696,0.0,0.0,0.0,0.0,0.0,0.0,0.0,0.0,0.050059733946348696,0.0,0.0,0.0,0.0,0.061124428615082785,0.0,0.0,0.0,0.0,0.0,0.0,0.0,0.0,0.0,0.0,0.0,0.0,0.0,0.0,0.0,0.0,0.0,0.0,0.0,0.0,0.0,0.13325661400991903,0.0,0.0,0.0,0.0,0.0,0.0624283343986126,0.0,0.0,0.0,0.0,0.07134378075022331,0.0,0.0,0.0,0.0,0.0,0.0,0.0,0.0,0.0,0.0,0.0,0.0,0.0,0.08778393453433046,0.0,0.0,0.0,0.0,0.0,0.0,0.06377800049328969,0.0681367959143746,0.0,0.0,0.0,0.0,0.0,0.07134378075022331,0.0,0.0,0.0,0.0,0.0
120,0.012525940740021667,0.0,0.0,0.0,0.1239574353034364,0.0,0.0,0.0,0.0,0.05329673917019553,0.07919518703061627,0.0,0.0,0.0619787176517182,0.0,0.2432115160517237,0.0,0.0,0.0,0.0,0.0,0.0,0.0,0.0,0.0,0.0,0.0,0.0,0.0,0.0,0.0,0.3703624557894591,0.0,0.0,0.0,0.0,0.0,0.13138234366127047,0.08069503047997033,0.0,0.0,0.0,0.0,0.05744013787715891,0.0,0.0,0.0,0.0,0.0,0.0,0.0,0.0,0.08249218886976502,0.0,0.0,0.0,0.0,0.0,0.0,0.0,0.0,0.0,0.0,0.0,0.0,0.0,0.0,0.0,0.0,0.0,0.0,0.0,0.0,0.0,0.0,0.0,0.10561160756796892,0.0,0.0,0.0,0.0,0.0,0.0,0.0,0.0,0.0,0.0,0.0,0.08833039440567582,0.0,0.0,0.0,0.0,0.0
121,0.034497673934975284,0.03470842415410487,0.0,0.0,0.10668468125638228,0.0,0.0,0.0,0.0,0.0,0.013631958848968945,0.045229988574410414,0.0,0.0,0.0,0.0,0.0,0.0,0.0,0.0,0.021336936251276455,0.05942225333507095,0.0,0.048002361906930954,0.020537097507512633,0.0,0.0,0.0,0.05942225333507095,0.03442722613861222,0.0,0.0,0.03741610406984299,0.02660879885546661,0.022177809915976076,0.0,0.0,0.0,0.0,0.027184066383925676,0.2464451700901516,0.06540000919753249,0.0,0.01977447431288526,0.0,0.027184066383925676,0.03635809554394852,0.0,0.0,0.0,0.0,0.02778025726219918,0.0,0.030408825253127235,0.0,0.0,0.0,0.0,0.0,0.0,0.0,0.031137542660375047,0.0,0.029711126667535476,0.0,0.0,0.03270000459876624,0.0,0.03354087826346586,0.0,0.02778025726219918,0.1060927479028658,0.0,0.0,0.0,0.04107419501502527,0.0,0.0,0.0,0.06885445227722443,0.06380033171000483,0.0,0.0,0.0,0.0,0.029041913653583964,0.029711126667535476,0.0,0.0,0.0,0.0,0.0,0.0,0.12760066342000967
122,0.0,0.0,0.0,0.0,0.0,0.0,0.0,0.0,0.0,0.04304736664705687,0.03198267197832279,0.0,0.0,0.0,0.0,0.0,0.0,0.07993760217142368,0.0,0.0,0.050059733946348696,0.0,0.050059733946348696,0.11262092352708562,0.0,0.0,0.0,0.061124428615082785,0.0,0.0,0.0,0.0,0.0,0.0,0.10406510577075367,0.0,0.057458652609753975,0.10611650931355825,0.0,0.0,0.0,0.0,0.0,0.04639395794101989,0.05203255288537684,0.0,0.0,0.0,0.0,0.0,0.0,0.0,0.0,0.07134378075022331,0.0,0.0624283343986126,0.0,0.0,0.0,0.0,0.0,0.0,0.0,0.1394137451326091,0.0,0.0,0.07671923986559635,0.0,0.0,0.0,0.06517675598452505,0.0,0.0,0.0,0.0,0.09636637848555223,0.0,0.0,0.0,0.0,0.0,0.0,0.0,0.0,0.07305346386026756,0.0681367959143746,0.0,0.0,0.0,0.07484269516202377,0.0,0.0,0.0,0.0
123,0.010521790301784219,0.0,0.0,0.0,0.0,0.0,0.2910579758757449,0.0,0.0,0.0,0.033261978806283427,0.0,0.0,0.0,0.0,0.0,0.2150277909016636,0.041567553065190235,0.0,0.0,0.0,0.0,0.0,0.0,0.0,0.0,0.0,0.0,0.07249514735742574,0.0,0.0,0.0,0.18259058355049876,0.0,0.054113854917539825,0.1881100130486777,0.059756998622210296,0.0,0.0,0.0,0.1002210334707881,0.0,0.0,0.0,0.0,0.0,0.0,0.0,0.0,0.0,0.0,0.0,0.0,0.0,0.0,0.0,0.0,0.059756998622210296,0.0,0.0,0.0,0.07597560229779272,0.0,0.0,0.0,0.0,0.0,0.0,0.0,0.0,0.06778382611962325,0.0,0.08628876625735016,0.08628876625735016,0.0,0.0,0.0,0.0,0.0,0.0,0.0,0.06632912041097648,0.07086226764193071,0.0,0.0,0.0,0.07249514735742574,0.0,0.0,0.07783640284875641,0.0,0.0,0.0,0.0
124,0.052608943091490536,0.0,0.0,0.0,0.0,0.0,0.0,0.0,0.0,0.0,0.0,0.0,0.0,0.0,0.0,0.0,0.0,0.0,0.0,0.0,0.0,0.0,0.0,0.0,0.0,0.0,0.0,0.0,0.0,0.0,0.0,0.0,0.0,0.0,0.0,0.0,0.0,0.0,0.0,0.0,0.0,0.0,0.0,0.0,0.0,0.0,0.0,0.0,0.0,0.0,0.0,0.0,0.0,0.0,0.0,0.0,0.0,0.0,0.0,0.0,0.0,0.0,0.0,0.0,0.0,0.0,0.0,0.0,0.0,0.0,0.0,0.0,0.0,0.0,1.8259055433601123,0.0,0.0,0.0,0.0,0.0,0.0,0.0,0.0,0.0,0.0,0.0,0.0,0.0,0.0,0.0,0.0,0.0,0.0,0.0
125,0.013489475227808863,0.09500318777837365,0.08038889733726036,0.04876885418638367,0.08343289276298764,0.02692385666548657,0.0,0.17770406132672992,0.1551090694043421,0.009566081804169268,0.003553630341305274,0.0,0.13003825614984388,0.027810964254329214,0.14968539544149678,0.02728334432943931,0.0,0.0,0.02358144732032735,0.0,0.005562192850865843,0.015490416655432328,0.0,0.006256718187631866,0.005353687876673847,0.0,0.00665147596428254,0.013583206823290407,0.023235624983148493,0.02692385666548657,0.08669217076656259,0.0,0.009753770837276732,0.0485553728589336,0.011562789925392784,0.010048612167157545,0.012768589905367188,0.0,0.02172558607093007,0.007086444741526016,0.04282950301339077,0.008524360276497372,0.019507541674553465,0.005154884391904233,0.0,0.014172889483052032,0.08530168673311499,0.0,0.007927087021036323,0.0,0.01330295192856508,0.007241862023643356,0.037015727379361305,0.0,0.0,0.006936481836990514,0.015854174042072646,0.012768589905367188,0.0292613125118302,0.05968393157063527,0.007927087021036323,0.008117051817535763,0.0,0.007745208327716164,0.08315855302305376,0.066526842418443,0.008524360276497372,0.007927087021036323,0.026230687164983762,0.0,0.014483724047286713,0.009218885613263396,0.009218885613263396,0.0,0.0,0.021414751506695386,0.0,0.03170834808414529,0.0,0.0,0.008315855302305376,0.0,0.0,0.0,0.0,0.0,0.007745208327716164,0.0,0.0,0.008315855302305376,0.0,0.0,0.0,0.0
126,0.03220956277936351,0.0,0.0,0.0,0.0,0.04285838338824874,0.0,0.0,0.0,0.06852438079771746,0.0,0.0,0.0,0.07968692486341786,0.0,0.0,0.0,0.042415871305688704,0.028153360122064323,0.0,0.053124616575611905,0.0,0.026562308287805952,0.0298790210670113,0.025566590672015863,0.0,0.0,0.03243337087108592,0.0,0.0,0.0,0.0,0.09315846282029776,0.0,0.02760911019271919,0.0,0.0,0.028153360122064323,0.03458358543246575,0.0,0.0,0.0814163376537378,0.0,0.02461720261720964,0.0,0.0,0.0,0.0,0.03785588434681025,0.03535379619190731,0.0,0.0,0.03535379619190731,0.0,0.0,0.0,0.0,0.0,0.0,0.0,0.0,0.0387630631562726,0.0,0.036987320804968776,0.0,0.0,0.0,0.0,0.0,0.08350994146356429,0.03458358543246575,0.0,0.0,0.0,0.0,0.0,0.0,0.0,0.041754970731782144,0.04285838338824874,0.03971245121107882,0.0,0.0,0.0,0.0,0.0,0.036987320804968776,0.44132303903326603,0.0,0.03971245121107882,0.0,0.0,0.0,0.0
127,0.009283932935967304,0.03113549846550914,0.13831619078422697,0.12083200794268664,0.038280974264958974,0.14823958704912513,0.0,0.0,0.0,0.019751145340361122,0.0,0.0,0.0,0.0,0.0,0.007510944191549908,0.0,0.0,0.024344376459171525,2.0842394798650044,0.01531238970598359,0.01066105144570435,0.007656194852991795,0.02583656565088917,0.0,0.0,0.009155561018458996,0.01869688465609575,0.01066105144570435,0.03705989676228128,0.0,0.0,0.0,0.0095478632190847,0.0,0.0,0.0,0.0,0.0,0.009754282746172058,0.0,0.011733531185242436,0.0,0.007095546739793696,0.00795792011232018,0.0,0.0,0.0,0.0,0.0,0.009155561018458996,0.0,0.010190211991570837,0.0,0.0,0.0,0.0,0.0,0.0,0.0,0.0,0.0,0.0,0.0213221028914087,0.0,0.0,0.0,0.0,0.01203525644457082,0.01203525644457082,0.009968210063565866,0.0,0.0,0.0,0.0,0.25055259222523485,0.01304614030289891,0.0,0.0,0.0,0.0,0.0,0.0,0.0,0.011172883072044337,0.0,0.0,0.0,0.0,0.0,0.0,0.0,0.0,0.0
128,0.0,0.0,0.0,0.0,0.0,0.0,0.0,0.0,0.0,0.0,0.11879277771752508,0.29561026619951924,0.0,0.0,0.0,0.0,0.0,0.0,0.0,0.0,0.0,0.0,0.0,0.10457656839900047,0.0,0.0,0.0,0.0,0.0,0.0,0.0,0.0,0.0,0.0,0.0,0.0,0.10670892275738096,0.0,0.0,0.0,0.0,0.0,0.0,0.0,0.0,0.0,0.0,0.1630273016178018,0.0,0.0,0.0,0.0,0.0,0.0,0.0,0.0,0.0,0.0,0.0,0.0,0.0,0.0,0.0,0.0,0.0,0.0,0.0,0.0,0.0,0.0,0.0,0.0,0.0,0.0,0.1630273016178018,0.0,0.15841740758011053,0.132495588453857,0.0,0.0,0.0,0.11844485415419131,0.0,0.0,0.0,0.0,0.0,0.0,0.132495588453857,0.13899357214726724,0.0,0.0,0.0,0.0
129,0.052060943137506005,0.044108622626135616,0.0,0.0,0.0,0.0,0.0,0.0,0.0,0.02331732425442048,0.008661973903719693,0.014369944372547579,0.0,0.013557844990697447,0.0,0.0,0.0,0.01082488393096276,0.0,0.0,0.013557844990697447,0.16991050664548554,0.013557844990697447,0.045752251465994515,0.052198456476906414,0.0,0.016212972563339766,0.0,0.018878945182831723,0.0,0.0,0.0,0.0,0.0,0.028184300270004174,0.0,0.0,0.0,0.0,0.017273208951357536,0.0,0.020778128046318928,0.0,0.0,0.028184300270004174,0.0,0.0,0.0,0.0,0.036090333973168486,0.0,0.0,0.036090333973168486,0.0,0.05935594105109709,0.0,0.019322274495076168,0.015561718851568094,0.0,0.0,0.0,0.0,0.13125380043793364,0.0,0.0,0.0,0.0,0.07728909798030467,0.0,0.0,0.0,0.0,0.0,0.06741310063285896,0.21397334642828533,0.0,0.0,0.0,0.0,0.021875633406322273,0.0,0.017273208951357536,0.0,0.18903917717524357,0.0,0.0,0.0,0.0,0.0,0.020269897174848082,0.0,0.0,0.0,0.0
130,0.07515564265071004,0.0,0.0,0.0,0.0,0.0,0.0,0.0,0.0,0.0,0.05939638885876254,0.0,0.0,0.0,0.0,0.0,0.0,0.07422777099782414,0.0,0.0,0.0,0.0,0.0,0.0,0.0,0.0,0.0,0.11351679225712778,0.0,0.0,0.0,0.0,0.0,0.0,0.0,0.0,0.10670892275738096,0.0,0.0,0.0,0.0,0.0,0.0,0.0,0.09663188074431928,0.0,0.0,0.0,0.0,0.0,0.0,0.0,0.12373828035849815,0.0,0.0,0.0,0.0,0.0,0.0,0.0,0.0,0.0,0.0,0.0,0.0,0.0,0.0,0.0,0.0,0.0,0.0,0.0,0.0,0.0,0.1630273016178018,0.0,0.0,0.0,0.0,0.0,0.0,0.11844485415419131,0.12653975966934114,0.18518122348565302,0.0,0.0,0.0,0.0,0.0,0.0,0.0,0.0,0.0,0.0
131,0.03288059189822549,0.0,0.0,0.0,0.16269412124633487,0.0,0.0,0.0,0.0,0.0,0.2078873498688474,0.1724393127118999,0.0,0.0,0.0,0.0,0.0,0.0,0.0,0.0,0.0,0.0,0.0,0.0,0.0,0.0,0.0,0.0,0.0,0.0,0.0,0.0,0.0,0.0,0.0,0.0,0.0,0.0,0.0,0.0,0.0,0.0,0.0,0.0,0.0,0.0,0.0,0.0,0.0,0.0,0.0,0.0,0.0,0.0,0.0,0.20289206923752412,0.0,0.0,0.0,0.0,0.23186726737278993,0.0,0.0,0.0,0.0,0.0,0.0,0.0,0.0,0.0,0.0,0.0,0.0,0.0,0.0,0.0,0.0,0.0,0.0,0.0,0.0,0.0,0.0,0.0,0.0,0.0,0.0,0.0,0.23186726737278993,0.0,0.0,0.0,0.0,0.0
132,0.0,0.0,0.0,0.0,0.0,0.0,0.0,0.0,0.0,0.0,0.11879276923232787,0.0,0.0,0.0,0.0,0.0,0.0,0.0,0.0,0.0,0.0,0.0,0.0,0.20915312185849327,0.0,0.0,0.4446986171269376,0.0,0.0,0.0,0.0,0.0,0.0,0.0,0.0,0.0,0.21341783027063224,0.0,0.0,0.0,0.0,0.0,0.0,0.0,0.0,0.0,0.0,0.0,0.0,0.24747654304010158,0.0,0.0,0.0,0.0,0.0,0.0,0.0,0.0,0.0,0.0,0.0,0.0,0.0,0.0,0.0,0.0,0.0,0.26499115797977546,0.0,0.0,0.0,0.0,0.0,0.0,0.0,0.0,0.0,0.0,0.0,0.0,0.0,0.0,0.0,0.0,0.0,0.0,0.0,0.0,0.0,0.0,0.0,0.0,0.0,0.0
133,0.0,0.0,0.0,0.0,0.0,0.0,0.0,0.0,0.0,0.0,0.0,0.0,0.0,0.0,0.0,0.0,0.0,0.0,0.0,0.0,0.0,0.0,0.0,0.0,0.0,0.0,0.0,0.0,0.0,0.0,0.0,0.0,0.0,0.0,0.0,0.0,0.0,0.0,0.0,0.0,0.0,0.0,0.0,0.0,0.0,0.0,0.0,0.0,0.0,0.0,0.0,0.0,0.0,0.0,0.0,0.0,0.0,0.0,0.0,0.0,0.0,0.0,0.0,0.0,0.0,0.0,0.0,0.0,0.0,0.0,0.0,0.0,0.0,0.0,0.0,0.0,0.0,0.0,0.0,0.0,0.0,0.0,0.0,0.0,0.0,0.0,0.0,0.0,0.0,0.0,0.0,0.0,0.0,0.0
134,0.022546693761499814,0.0,0.0,0.0,0.03718723129935911,0.0,0.2078985565729441,0.0,0.0,0.06395608822244579,0.0475171131234576,0.0,0.0,0.0,0.0,0.0,0.0,0.0,0.0,0.0,0.0,0.0,0.0,0.0,0.0,0.0,0.04446986679496353,0.0,0.05178224870424406,0.0,0.0,0.8147974182567602,0.06521092344187437,0.04637533458334079,0.0,0.0,0.0,0.03941470384913738,0.0,0.0,0.21475935989179568,0.0,0.0,0.0,0.0,0.04737794369215968,0.0,0.0,0.0,0.0,0.0,0.0,0.0,0.0,0.0,0.0,0.0,0.0,0.0,0.15961188169351864,0.0,0.054268287975775216,0.0,0.0,0.0,0.0,0.0,0.0,0.0,0.0,0.0,0.0,0.0,0.0,0.0,0.0,0.0,0.0,0.0,0.0,0.0,0.0,0.0,0.0,0.0,0.0,0.05178224870424406,0.0,0.0,0.0,0.0,0.0,0.0,0.0
135,0.02768892149704579,0.0,0.0,0.0,0.0,0.0,0.0,0.0,0.0,0.05890692194546965,0.08753152206876877,0.0,0.0,0.0,0.0,0.0,0.0,0.0,0.0726060316593937,0.0,0.06850279285063196,0.0,0.0,0.07705642026874499,0.0,0.0,0.0,0.0,0.0,0.0,0.0,0.0,0.0,0.0,0.0,0.0,0.0,0.0726060316593937,0.0,0.0,0.0,0.0,0.0,0.0,0.07120243978157426,0.0,0.23345723661161438,0.0,0.19525666033907962,0.0,0.0,0.0,0.0,0.0,0.0,0.0,0.0,0.0,0.0,0.0,0.0,0.0,0.0,0.09538835058118106,0.0,0.0,0.10498422148634334,0.0,0.0,0.0,0.08918924376764019,0.0,0.0,0.0,0.0,0.0,0.0,0.0,0.0,0.0,0.0,0.08727515733307237,0.0,0.0,0.0,0.0,0.09538835058118106,0.0,0.0,0.0,0.0,0.0,0.0,0.0
136,0.07014526992558844,0.0,0.0,0.0,0.028923402305364394,0.0,0.0,0.0,0.0,0.22384631019980664,0.036957754886230536,0.0306558809661918,0.0,0.0,0.0,0.0,0.0,0.023093085446760524,0.0,0.0,0.05784680461072879,0.0,0.028923402305364394,0.03253493399172536,0.0,0.0,0.0,0.0,0.0,0.0,0.0,0.0,0.0,0.03606970490494572,0.030063253266424388,0.0,0.03319833315808718,0.0,0.0,0.0,0.0,0.0,0.0,0.0,0.0,0.07369902398906758,0.0,0.0,0.0,0.03849635578357553,0.0,0.0753153636940767,0.0,0.0,0.0,0.0,0.041220851769527445,0.03319833315808718,0.0,0.0,0.0,0.0,0.0,0.04027508258123796,0.0,0.0,0.0,0.0,0.045466523603239384,0.0,0.0,0.0,0.0,0.04793820432854036,0.0,0.0,0.049285418116745264,0.0,0.0,0.0,0.0,0.0,0.03936792716761352,0.0,0.0,0.0,0.0,0.0,0.0,0.0,0.0,0.0,0.0,0.0
137,0.03288059189822549,0.0,0.0,0.0,0.0,0.0,0.0,0.0,0.0,0.0,0.1039436749344237,0.0,0.0,0.0,0.0,0.0,0.0,0.0,0.0,0.0,0.0,0.0,0.0,0.0,0.0,0.0,0.0,0.0,0.22654731623543434,0.0,0.0,0.0,0.0,0.0,0.0,0.0,0.0,0.0,0.2118244386187461,0.0,0.0,0.0,0.2852977625473455,0.0,0.16910578224332107,0.20727848366563112,0.0,0.0,0.0,0.0,0.0,0.0,0.0,0.0,0.0,0.0,0.0,0.18674060482145644,0.0,0.0,0.0,0.0,0.0,0.0,0.0,0.0,0.0,0.0,0.0,0.0,0.0,0.0,0.0,0.0,0.0,0.0,0.0,0.0,0.0,0.0,0.0,0.0,0.0,0.0,0.0,0.0,0.0,0.0,0.0,0.0,0.0,0.0,0.0,0.0
138,0.01578268592615689,0.04234427773873364,0.0,0.0,0.0,0.0,0.0,0.0,0.0,0.0,0.0,0.04138543981018096,0.0,0.013015531196492687,0.0,0.012768605073058234,0.0,0.031175665734162614,0.06897573301696826,0.0,0.013015531196492687,0.1087427242984202,0.0,0.0,0.012527629559677384,0.0,0.0,0.0,0.0,0.021000608078819632,0.0,0.0,0.0,0.0,0.0,0.0,0.0,0.0,0.0,0.03316456120042503,0.0,0.0,0.3651811780564324,0.0,0.0,0.08291140300106259,0.022178438423605163,0.0,0.1298456846610142,0.0,0.0,0.08472978519142252,0.0,0.09274691761501015,0.05698170343279558,0.0,0.11129630113801219,0.0,0.0,0.0,0.01854938352300203,0.0,0.10500304039409816,0.018123787383070033,0.0,0.0,0.0,0.03709876704600406,0.0818397434860944,0.0,0.0,0.0,0.0,0.0,0.0,0.0,0.06653531527081549,0.0,0.0,0.0,0.0,0.0,0.0,0.025925372880549927,0.0,0.0,0.0,0.0,0.0,0.0,0.0,0.0,0.033809946405346895,0.0
139,0.015092732470262606,0.008677106109650038,0.0,0.0,0.0,0.0,0.039762019826822786,0.0,0.0,0.009174029235219806,0.006815979480353156,0.07915248065400904,0.0,0.03200540463925406,0.0,0.020932139501776376,0.3084415131520013,0.008517941472781702,0.0,0.0,0.05334234106542344,0.0,0.010668468213084687,0.0,0.01026854883792475,0.0,0.10206199144497322,0.0,0.029711126911069304,0.1377089056832104,0.0,0.12750183406869148,0.13095636531786328,0.0,0.0,0.15418854018950232,0.0,0.0,0.0,0.0,0.06161129302754849,0.03270000486679907,0.0,0.0,0.0,0.013592033303372945,0.0,0.14966441750612947,0.0,0.028398951386193097,0.012757748930621652,0.0,0.014199475693096549,0.015204412751189951,0.0,0.01330439953678576,0.015204412751189951,0.012245286992352207,0.0,0.06868544229214843,0.0,0.015568771457800402,0.0,0.014855563455534652,0.0,0.0,0.0,0.0,0.0,0.05031131780758664,0.013890128744953104,0.0,0.0,0.07072849918165232,0.0,0.0,0.0,0.0,0.0,0.0172136132104013,0.0,0.0,0.0,0.0,0.0,0.0,0.014855563455534652,0.0,0.0,0.0,0.0,0.0,0.0,0.0
140,0.0,0.0,0.0,0.0,0.0,0.0,0.0,0.0,0.0,0.5596155081276686,0.0,0.0,0.0,0.0,0.0,0.0,0.0,0.0,0.6897569921887599,0.0,0.0,0.0,0.0,0.0,0.0,0.0,0.0,0.0,0.0,0.0,0.0,0.0,0.0,0.0,0.0,0.0,0.0,0.0,0.0,0.0,0.0,0.0,0.0,0.0,0.0,0.0,0.0,0.0,0.0,0.0,0.0,0.0,0.0,0.0,0.0,0.0,0.0,0.0,0.0,0.0,0.0,0.0,0.0,0.0,0.0,0.0,0.0,0.0,0.0,0.0,0.0,0.0,0.0,0.0,0.0,0.0,0.0,0.0,0.0,0.0,0.0,0.0,0.0,0.0,0.0,0.0,0.0,0.0,0.0,0.0,0.0,0.0,0.0,0.0
141,0.052608951859647424,0.0,0.0,0.0,0.08677020595197979,0.0,0.0,0.0,0.0,0.0,0.0,0.04598382093835636,0.0,0.0,0.0,0.04256201591708041,0.0,0.06927925557051207,0.1379514628150691,0.0,0.08677020595197979,0.0,0.0,0.0,0.08351752844910691,0.0,0.0,0.05297450507140252,0.0,0.0,0.0,0.0,0.0,0.0,0.0,0.0,0.0,0.0,0.0,0.05527426737764216,0.0,0.0,0.0,0.0,0.0,0.1658228021329265,0.07392812635369428,0.0,0.0,0.057744533033757366,0.0,0.0564865221429295,0.0,0.0,0.0,0.0,0.0,0.0,0.07607941031990385,0.0,0.0,0.0,0.07000202529601819,0.0,0.0,0.0,0.0,0.0,0.0,0.0,0.0,0.0,0.0,0.0,0.0,0.0,0.0,0.06183127696727698,0.0,0.0,0.0,0.0,0.0,0.0,0.0,0.0,0.0,0.0,0.0,0.0,0.0,0.0,0.0,0.0
142,0.10399444077056481,0.0492375316016579,0.0,0.0,0.0,0.0,0.0,0.0,0.0,0.10411456277601905,0.0386767201898002,0.0,0.0,0.0,0.0,0.0,0.0,0.02416718241930527,0.0,0.0,0.06053735359981969,0.0,0.0,0.06809637340066922,0.0,0.0,0.0,0.0,0.0,0.0,0.0,0.0,0.0,0.0,0.03146154408350713,0.0,0.0,0.03208173586169247,0.0,0.0,0.0,0.0,0.0,0.0,0.0,0.0,0.0,0.0,0.0,0.04028688391791559,0.0,0.039409201892214085,0.0,0.0,0.08834372508132828,0.0,0.0,0.0,0.0,0.0,0.0,0.0,0.0,0.04214834219261508,0.0,0.0,0.0,0.0,0.04758124558211745,0.04758124558211745,0.0,0.0,0.0,0.05016788819894494,0.0,0.0,0.0,0.04313810064445316,0.0,0.0,0.0,0.0,0.04119899350491958,0.0,0.04417186254066414,0.0,0.0,0.0,0.0,0.0,0.0,0.0,0.0,0.0
143,0.04126192359351456,0.0,0.0,0.0,0.05104129831937847,0.041177662504017824,0.0,0.0,0.0,0.0,0.0,0.0,0.0,0.025520649159689233,0.0,0.0751094408845852,0.0,0.020376251918059942,0.027049306805592258,0.0,0.025520649159689233,0.0,0.17864454411782463,0.028707294773632947,0.04912795858554466,0.0,0.0,0.0,0.0,0.0,0.0,0.0,0.0,0.063652420586904,0.02652640001031276,0.0,0.0,0.054098613611184516,0.0,0.06502855074859833,0.0,0.0,0.0,0.023651822141346136,0.0,0.0,0.0,0.04475259492007709,0.0,0.0,0.030518536309314784,0.033227366422491,0.03396737283901729,0.0,0.0,0.0,0.0,0.02929264698077665,0.0,0.0,0.0,0.0,0.0,0.07107367532917463,0.0,0.0,0.0,0.0,0.0401175209312701,0.0401175209312701,0.0,0.0,0.16919366277836115,0.0,0.0,0.0,0.0,0.0,0.0,0.0,0.0,0.0,0.0,0.0,0.03724294306230348,0.03473640641517901,0.0,0.0,0.0,0.0,0.0,0.0,0.0,0.0
144,0.0,0.0,0.0,0.0,0.0,0.0,0.0,0.0,0.0,0.0,0.1039436749344237,0.0,0.0,0.0,0.0,0.0,0.0,0.0,0.0,0.0,0.0,0.0,0.0,0.0,0.1565953514875021,0.0,0.0,0.0,0.22654731623543434,0.0,0.0,0.0,0.0,0.0,0.0,0.0,0.0,0.0,0.0,0.0,0.0,0.0,0.0,0.0,0.0,0.0,0.0,0.0,0.0,0.0,0.0,0.0,0.0,0.0,0.0,0.0,0.0,0.0,0.0,0.0,0.23186726737278993,0.0,0.0,0.0,0.0,0.0,0.0,0.0,0.0,0.0,0.0,0.0,0.0,0.2696523716337686,0.570595525094691,0.0,0.0,0.0,0.0,0.0,0.0,0.0,0.0,0.0,0.0,0.0,0.0,0.0,0.0,0.2432387382270719,0.0,0.0,0.0,0.0
145,0.10117105685853246,0.0,0.0,0.0,0.0,0.0,0.0,0.0,0.0,0.0,0.0,0.0,0.0,0.0,0.0,0.09822003245033817,0.0,0.0,0.0,0.0,0.0,0.0,0.0,0.0,0.1927327495583067,0.0,0.0,0.0,0.0,0.0,0.0,0.0,0.0,0.0,0.0,0.0,0.0,0.0,0.1303535069554539,0.0,0.0,0.0,0.0,0.0,0.0,0.0,0.0,0.0,0.0,0.2665132177693301,0.0,0.0,0.0,0.0,0.0,0.0,0.0,0.0,0.0,0.0,0.0,0.0,0.0,0.0,0.0,0.0,0.0,0.1426875560124639,0.0,0.0,0.0,0.0,0.0,0.0,0.0,0.0,0.0,0.0,0.0,0.0,0.0,0.0,0.0,0.19942593188880264,0.0,0.0,0.0,0.0,0.0,0.0,0.0,0.0,0.0,0.0
146,0.006017363955710478,0.16951549208872754,0.0922107940972253,0.06712889347699295,0.025520649576693304,0.04117766317685545,0.0,0.29268904247950994,0.24569797993376674,0.007315239034073371,0.0,0.0,0.3204210628613509,0.0,0.35611427448033744,0.004172746783992424,0.0,0.0,0.0,0.0,0.0,0.005922806374209099,0.0,0.04784549207117732,0.0,0.30895515891456937,0.0,0.0,0.0,0.013725887725618481,0.1988820390173902,0.0,0.0,0.0,0.0,0.015368465682870881,0.004882107909902444,0.0,0.0,0.0,0.0,0.0,0.0,0.0,0.0,0.0,0.028991422971125478,0.0,0.0,0.0,0.0,0.0,0.0,0.0,0.0,0.0,0.0,0.0,0.014917531883776211,0.0,0.0,0.0,0.0,0.0,0.1653387702944424,0.13990203640298973,0.0,0.0,0.0,0.0,0.0,0.021149208192870434,0.0,0.0,0.0,0.008187993231381512,0.0724785574278137,0.0,0.0,0.0,0.0,0.0,0.0,0.0,0.0,0.0,0.0,0.0,0.0,0.0,0.0,0.0,0.0,0.0
